Plant Code,Plant Name,State,Sector Group,Sector Code,Prime Mover,Fuel Code,Aggregated Fuel Group,Generation (kWh),Useful Thermal Output (MMBtu),Total Fuel Consumption (MMBtu),Fuel Consumption for Electric Generation (MMBtu),"
 Fuel Consumption for Useful Thermal Output (MMBtu)",Quantity of Fuel Consumed,Fuel Units,EIA Model Estimates of NOx Emissions (Tons),EIA Model Estimates of Plant Level NOx Emissions (Tons),CEMS Reported Plant Level NOx Emissions (Tons),Selected NOx Emissions (Tons),Selected NOx Emissions (Metric Tonnes),NERC Region,Balancing Authority Code,Balancing Authority Name,EIA Balancing Authority Region
9,Copper,TX,ELECTRIC POWER,1.0,GT,NG,GAS,39534000.0,0.0,688550.0,688550.0,0.0,665265.0,Mcf,109.10346,109.10346,85.831,85.831,77.8653724032,WECC,EPE,El Paso Electric Company,Southwest
127,Oklaunion,TX,ELECTRIC POWER,1.0,ST,SUB,COAL,2595885860.0,0.0,27796356.0,27796356.0,0.0,1605301.0,Tons,3266.787535,3269.9237758,5215.36,5210.3578574609,4726.8056404435,TRE,SWPP,Southwest Power Pool,Central
127,Oklaunion,TX,ELECTRIC POWER,1.0,ST,DFO,PET,6037140.0,0.0,65241.0,65241.0,0.0,11314.0,Barrels,3.1362408,3269.9237758,5215.36,5.0021425391,4.5379139428,TRE,SWPP,Southwest Power Pool,Central
298,Limestone,TX,ELECTRIC POWER,2.0,ST,SUB,COAL,8659127603.0,0.0,90235412.0,90235412.0,0.0,5611655.0,Tons,8333.307675,8347.010004375,7470.256,7457.9929371579,6765.8468086346,TRE,ERCO,"Electric Reliability Council of Texas, Inc.","Electric Reliability Council of Texas, Inc."
298,Limestone,TX,ELECTRIC POWER,2.0,ST,NG,GAS,41261397.0,0.0,431763.0,431763.0,0.0,429877.0,Mcf,13.702329375,8347.010004375,7470.256,12.2630628421,11.1249776305,TRE,ERCO,"Electric Reliability Council of Texas, Inc.","Electric Reliability Council of Texas, Inc."
3439,Laredo,TX,ELECTRIC POWER,2.0,GT,NG,GAS,111609000.0,0.0,1097978.0,1097978.0,0.0,1065997.0,Mcf,174.823508,174.823508,5.44,5.44,4.9351356255,TRE,ERCO,"Electric Reliability Council of Texas, Inc.","Electric Reliability Council of Texas, Inc."
3441,Nueces Bay,TX,ELECTRIC POWER,2.0,CA,NG,GAS,114045000.0,0.0,624704.0,624704.0,0.0,610143.0,Mcf,8.542002,166.62485,98.834,5.0667125922,4.5964915107,TRE,ERCO,"Electric Reliability Council of Texas, Inc.","Electric Reliability Council of Texas, Inc."
3441,Nueces Bay,TX,ELECTRIC POWER,2.0,CT,NG,GAS,1510529000.0,0.0,11541608.0,11541608.0,0.0,11291632.0,Mcf,158.082848,166.62485,98.834,93.7672874078,85.0651251091,TRE,ERCO,"Electric Reliability Council of Texas, Inc.","Electric Reliability Council of Texas, Inc."
3443,Victoria,TX,ELECTRIC POWER,2.0,CA,NG,GAS,468869000.0,0.0,536823.0,536823.0,0.0,510632.0,Mcf,7.148848,1243.247068,84.951,0.4884803689,0.4431464837,TRE,ERCO,"Electric Reliability Council of Texas, Inc.","Electric Reliability Council of Texas, Inc."
3443,Victoria,TX,ELECTRIC POWER,2.0,CT,NG,GAS,792107000.0,0.0,9274655.0,9274655.0,0.0,8829273.0,Mcf,1236.09822,1243.247068,84.951,84.4625196311,76.6238951566,TRE,ERCO,"Electric Reliability Council of Texas, Inc.","Electric Reliability Council of Texas, Inc."
3452,Lake Hubbard,TX,ELECTRIC POWER,2.0,ST,NG,GAS,318791000.0,0.0,3874766.0,3874766.0,0.0,3874766.0,Mcf,220.472434,220.472434,135.777,135.777,123.1760863649,TRE,ERCO,"Electric Reliability Council of Texas, Inc.","Electric Reliability Council of Texas, Inc."
3453,Mountain Creek,TX,ELECTRIC POWER,2.0,ST,NG,GAS,412977000.0,0.0,5068139.0,5068139.0,0.0,5063077.0,Mcf,144.178293,144.178293,143.076,143.076,129.7976957271,TRE,ERCO,"Electric Reliability Council of Texas, Inc.","Electric Reliability Council of Texas, Inc."
3456,Newman,TX,ELECTRIC POWER,1.0,CA,NG,GAS,817677000.0,0.0,0.0,0.0,0.0,0.0,Mcf,0.0,3723.31275925,1874.897,0.0,0.0,WECC,EPE,El Paso Electric Company,Southwest
3456,Newman,TX,ELECTRIC POWER,1.0,CT,NG,GAS,1430031000.0,0.0,19793756.0,19793756.0,0.0,19102451.0,Mcf,2674.34314,3723.31275925,1874.897,1346.681907852,1221.7018124395,WECC,EPE,El Paso Electric Company,Southwest
3456,Newman,TX,ELECTRIC POWER,1.0,ST,NG,GAS,914860280.0,0.0,10976472.0,10976472.0,0.0,10538112.0,Mcf,1048.69158765,3723.31275925,1874.897,528.0750876288,479.0665768201,WECC,EPE,El Paso Electric Company,Southwest
3456,Newman,TX,ELECTRIC POWER,1.0,ST,DFO,PET,320720.0,0.0,3764.0,3764.0,0.0,649.0,Barrels,0.2780316,3723.31275925,1874.897,0.1400045192,0.1270112666,WECC,EPE,El Paso Electric Company,Southwest
3457,Lewis Creek,TX,ELECTRIC POWER,1.0,ST,NG,GAS,2192164000.0,0.0,23718121.0,23718121.0,0.0,23571381.0,Mcf,300.53510775,300.53510775,272.851,272.851,247.528803411,SERC,MISO,"Midcontinent Independent System Operator, Inc.",Midwest
3459,Sabine,TX,ELECTRIC POWER,1.0,ST,NG,GAS,3249193563.0,0.0,39782774.0,39782774.0,0.0,38911327.0,Mcf,2441.842439375,2441.846680535,2483.702,2483.6976861429,2253.1957599047,SERC,MISO,"Midcontinent Independent System Operator, Inc.",Midwest
3459,Sabine,TX,ELECTRIC POWER,1.0,ST,DFO,PET,8437.0,0.0,108.0,108.0,0.0,18.0,Barrels,0.00424116,2441.846680535,2483.702,0.0043138571,0.0039135055,SERC,MISO,"Midcontinent Independent System Operator, Inc.",Midwest
3460,Cedar Bayou,TX,ELECTRIC POWER,2.0,ST,NG,GAS,2185549000.0,0.0,23770335.0,23770335.0,0.0,23529509.0,Mcf,494.119689,494.119689,740.705,740.705,671.9631679216,TRE,ERCO,"Electric Reliability Council of Texas, Inc.","Electric Reliability Council of Texas, Inc."
3464,Greens Bayou,TX,ELECTRIC POWER,2.0,GT,NG,GAS,158574000.0,0.0,2429281.0,2429281.0,0.0,2335847.0,Mcf,383.078908,383.078908,251.421,251.421,228.0876349451,TRE,ERCO,"Electric Reliability Council of Texas, Inc.","Electric Reliability Council of Texas, Inc."
3469,T H Wharton,TX,ELECTRIC POWER,2.0,CA,NG,GAS,228615000.0,0.0,0.0,0.0,0.0,0.0,Mcf,0.0,1449.027872,377.345,0.0,0.0,TRE,ERCO,"Electric Reliability Council of Texas, Inc.","Electric Reliability Council of Texas, Inc."
3469,T H Wharton,TX,ELECTRIC POWER,2.0,CT,NG,GAS,583311738.0,0.0,8050750.0,8050750.0,0.0,7886312.0,Mcf,1112.779984,1449.027872,377.345,289.7818400711,262.8883607649,TRE,ERCO,"Electric Reliability Council of Texas, Inc.","Electric Reliability Council of Texas, Inc."
3469,T H Wharton,TX,ELECTRIC POWER,2.0,GT,NG,GAS,145714557.0,0.0,2087847.0,2087847.0,0.0,2050292.0,Mcf,336.247888,1449.027872,377.345,87.5631599289,79.4367775822,TRE,ERCO,"Electric Reliability Council of Texas, Inc.","Electric Reliability Council of Texas, Inc."
3470,W A Parish,TX,ELECTRIC POWER,2.0,GT,NG,GAS,1125000.0,0.0,24384.0,24384.0,0.0,23445.0,Mcf,3.84498,4203.978191,4589.147,4.1972573668,3.8077269045,TRE,ERCO,"Electric Reliability Council of Texas, Inc.","Electric Reliability Council of Texas, Inc."
3470,W A Parish,TX,ELECTRIC POWER,2.0,ST,SUB,COAL,13143812746.0,0.0,140726764.0,140726764.0,0.0,8605025.0,Tons,3452.149723,4203.978191,4589.147,3768.4359492569,3418.7026664763,TRE,ERCO,"Electric Reliability Council of Texas, Inc.","Electric Reliability Council of Texas, Inc."
3470,W A Parish,TX,ELECTRIC POWER,2.0,ST,NG,GAS,1183280254.0,0.0,12871665.0,12871665.0,0.0,12382410.0,Mcf,747.983488,4203.978191,4589.147,816.5137933763,740.7364541199,TRE,ERCO,"Electric Reliability Council of Texas, Inc.","Electric Reliability Council of Texas, Inc."
3476,Knox Lee,TX,ELECTRIC POWER,1.0,ST,NG,GAS,107854000.0,0.0,1341220.0,1341220.0,0.0,1313932.0,Mcf,115.025195,115.025195,74.725,74.725,67.7900752971,MRO,SWPP,Southwest Power Pool,Central
3477,Lone Star,TX,ELECTRIC POWER,1.0,ST,NG,GAS,11483000.0,0.0,174129.0,174129.0,0.0,170715.0,Mcf,23.9001,23.9001,25.521,25.521,23.1524993196,MRO,SWPP,Southwest Power Pool,Central
3478,Wilkes,TX,ELECTRIC POWER,1.0,ST,NG,GAS,630912000.0,0.0,7316429.0,7316429.0,0.0,7145364.0,Mcf,402.02005875,402.02005875,508.572,508.572,461.3734917899,MRO,SWPP,Southwest Power Pool,Central
3482,Jones,TX,ELECTRIC POWER,1.0,GT,NG,GAS,728371000.0,0.0,7549700.0,7549700.0,0.0,7354833.0,Mcf,1206.192612,1821.28745085,1394.9,923.8069881246,838.072201873,MRO,SWPP,Southwest Power Pool,Central
3482,Jones,TX,ELECTRIC POWER,1.0,ST,NG,GAS,1833603629.0,0.0,19787403.0,19787403.0,0.0,19296806.0,Mcf,615.08569125,1821.28745085,1394.9,471.0860058494,427.3664209829,MRO,SWPP,Southwest Power Pool,Central
3482,Jones,TX,ELECTRIC POWER,1.0,ST,DFO,PET,23371.0,0.0,252.0,252.0,0.0,44.0,Barrels,0.0091476,1821.28745085,1394.9,0.007006026,0.0063558251,MRO,SWPP,Southwest Power Pool,Central
3484,Nichols,TX,ELECTRIC POWER,1.0,ST,NG,GAS,1164272000.0,0.0,13231117.0,13231117.0,0.0,12794408.0,Mcf,489.75357375,489.75357375,816.975,816.975,741.1548580241,MRO,SWPP,Southwest Power Pool,Central
3485,Plant X,TX,ELECTRIC POWER,1.0,ST,NG,GAS,865492515.0,0.0,10426930.0,10426930.0,0.0,10173152.0,Mcf,456.28111875,456.28735575,933.31,933.297242569,846.6817042266,MRO,SWPP,Southwest Power Pool,Central
3485,Plant X,TX,ELECTRIC POWER,1.0,ST,DFO,PET,16485.0,0.0,174.0,174.0,0.0,30.0,Barrels,0.006237,456.28735575,933.31,0.012757431,0.0115734655,MRO,SWPP,Southwest Power Pool,Central
3490,Graham,TX,ELECTRIC POWER,2.0,ST,NG,GAS,277844000.0,0.0,3240494.0,3240494.0,0.0,3240494.0,Mcf,288.8142103,288.8142103,430.354,430.354,390.4145876803,TRE,ERCO,"Electric Reliability Council of Texas, Inc.","Electric Reliability Council of Texas, Inc."
3491,Handley,TX,ELECTRIC POWER,2.0,ST,NG,GAS,615576000.0,0.0,8937150.0,8937150.0,0.0,8634930.0,Mcf,181.33353,181.33353,105.413,105.413,95.6300462669,TRE,ERCO,"Electric Reliability Council of Texas, Inc.","Electric Reliability Council of Texas, Inc."
3492,Morgan Creek,TX,ELECTRIC POWER,2.0,GT,NG,GAS,15383820.0,0.0,205662.0,205662.0,0.0,203625.0,Mcf,33.3945,39.44082,79.336,67.1737061248,60.9395864327,TRE,ERCO,"Electric Reliability Council of Texas, Inc.","Electric Reliability Council of Texas, Inc."
3492,Morgan Creek,TX,ELECTRIC POWER,2.0,GT,DFO,PET,1023180.0,0.0,13678.0,13678.0,0.0,2360.0,Barrels,6.04632,39.44082,79.336,12.1622938752,11.0335606234,TRE,ERCO,"Electric Reliability Council of Texas, Inc.","Electric Reliability Council of Texas, Inc."
3494,Permian Basin,TX,ELECTRIC POWER,2.0,GT,NG,GAS,699683786.0,0.0,9784503.0,9784503.0,0.0,9499516.0,Mcf,1557.920624,1568.937224,1334.472,1325.1017434911,1202.124415759,TRE,ERCO,"Electric Reliability Council of Texas, Inc.","Electric Reliability Council of Texas, Inc."
3494,Permian Basin,TX,ELECTRIC POWER,2.0,GT,DFO,PET,1782214.0,0.0,24925.0,24925.0,0.0,4300.0,Barrels,11.0166,1568.937224,1334.472,9.3702565089,8.5006409406,TRE,ERCO,"Electric Reliability Council of Texas, Inc.","Electric Reliability Council of Texas, Inc."
3504,Stryker Creek,TX,ELECTRIC POWER,2.0,IC,DFO,PET,0.0,0.0,930.0,930.0,0.0,150.0,Barrels,1.39797,147.838109375,139.185,1.3161454463,1.1939993163,TRE,ERCO,"Electric Reliability Council of Texas, Inc.","Electric Reliability Council of Texas, Inc."
3504,Stryker Creek,TX,ELECTRIC POWER,2.0,ST,NG,GAS,253181000.0,0.0,3402520.0,3402520.0,0.0,3402520.0,Mcf,146.440139375,147.838109375,139.185,137.8688545537,125.0738043669,TRE,ERCO,"Electric Reliability Council of Texas, Inc.","Electric Reliability Council of Texas, Inc."
3507,Trinidad (TX),TX,ELECTRIC POWER,2.0,IC,DFO,PET,0.0,0.0,271.0,271.0,0.0,44.0,Barrels,0.4100712,73.3951512,84.481,0.4720097238,0.4282044124,TRE,ERCO,"Electric Reliability Council of Texas, Inc.","Electric Reliability Council of Texas, Inc."
3507,Trinidad (TX),TX,ELECTRIC POWER,2.0,ST,NG,GAS,65586000.0,0.0,858648.0,858648.0,0.0,858648.0,Mcf,72.98508,73.3951512,84.481,84.0089902762,76.2124560248,TRE,ERCO,"Electric Reliability Council of Texas, Inc.","Electric Reliability Council of Texas, Inc."
3548,Decker Creek,TX,ELECTRIC POWER,1.0,GT,NG,GAS,38404000.0,0.0,502899.0,502899.0,0.0,493036.0,Mcf,80.857904,337.541127125,622.067,149.0160153105,135.1864422666,TRE,ERCO,"Electric Reliability Council of Texas, Inc.","Electric Reliability Council of Texas, Inc."
3548,Decker Creek,TX,ELECTRIC POWER,1.0,ST,NG,GAS,653408000.0,0.0,7777331.0,7777331.0,0.0,7629169.0,Mcf,256.683223125,337.541127125,622.067,473.0509846895,429.1490380927,TRE,ERCO,"Electric Reliability Council of Texas, Inc.","Electric Reliability Council of Texas, Inc."
3559,Silas Ray,TX,ELECTRIC POWER,1.0,CA,NG,GAS,7639000.0,0.0,0.0,0.0,0.0,0.0,Mcf,0.0,106.30792,13.735,0.0,0.0,TRE,ERCO,"Electric Reliability Council of Texas, Inc.","Electric Reliability Council of Texas, Inc."
3559,Silas Ray,TX,ELECTRIC POWER,1.0,CT,NG,GAS,25793000.0,0.0,345605.0,345605.0,0.0,337136.0,Mcf,47.19904,106.30792,13.735,6.0981233985,5.532181256,TRE,ERCO,"Electric Reliability Council of Texas, Inc.","Electric Reliability Council of Texas, Inc."
3559,Silas Ray,TX,ELECTRIC POWER,1.0,GT,NG,GAS,32592000.0,0.0,369431.0,369431.0,0.0,360420.0,Mcf,59.10888,106.30792,13.735,7.6368766015,6.9281290043,TRE,ERCO,"Electric Reliability Council of Texas, Inc.","Electric Reliability Council of Texas, Inc."
3561,Bryan (TX),TX,ELECTRIC POWER,1.0,GT,NG,GAS,1785000.0,0.0,31094.0,31094.0,0.0,31094.0,Mcf,5.099416,5.099416, ,5.099416,4.6261598476,TRE,ERCO,"Electric Reliability Council of Texas, Inc.","Electric Reliability Council of Texas, Inc."
3576,Ray Olinger,TX,ELECTRIC POWER,1.0,GT,NG,GAS,9167000.0,0.0,123406.0,123406.0,0.0,120987.0,Mcf,19.841868,60.405287875,28.394,9.3268324647,8.4612469062,TRE,ERCO,"Electric Reliability Council of Texas, Inc.","Electric Reliability Council of Texas, Inc."
3576,Ray Olinger,TX,ELECTRIC POWER,1.0,ST,NG,GAS,82576000.0,0.0,1068151.0,1068151.0,0.0,1047207.0,Mcf,40.563419875,60.405287875,28.394,19.0671675353,17.2976209156,TRE,ERCO,"Electric Reliability Council of Texas, Inc.","Electric Reliability Council of Texas, Inc."
3601,Sim Gideon,TX,ELECTRIC POWER,1.0,ST,NG,GAS,742860000.0,0.0,7963747.0,7963747.0,0.0,7761650.0,Mcf,435.1695629344,435.1695629344,716.322,716.322,649.8430554296,TRE,ERCO,"Electric Reliability Council of Texas, Inc.","Electric Reliability Council of Texas, Inc."
3604,J Robert Massengale,TX,ELECTRIC POWER,1.0,CA,NG,GAS,24255000.0,0.0,44.0,44.0,0.0,43.0,Mcf,0.000903,29.905218,24.13,0.000728615,0.0006609952,MRO,SWPP,Southwest Power Pool,Central
3604,J Robert Massengale,TX,ELECTRIC POWER,1.0,CT,NG,GAS,125615000.0,0.0,1460331.0,1460331.0,0.0,1424015.0,Mcf,29.904315,29.905218,24.13,24.129271385,21.8899314025,MRO,SWPP,Southwest Power Pool,Central
3609,Leon Creek,TX,ELECTRIC POWER,1.0,GT,NG,GAS,165110000.0,0.0,1756159.0,1756159.0,0.0,1737051.0,Mcf,284.876364,284.876364,15.289,15.289,13.8700898122,TRE,ERCO,"Electric Reliability Council of Texas, Inc.","Electric Reliability Council of Texas, Inc."
3611,O W Sommers,TX,ELECTRIC POWER,1.0,ST,NG,GAS,1108627000.0,0.0,12680366.0,12680366.0,0.0,12398865.0,Mcf,434.7352040625,434.7352040625,833.372,833.372,756.0301188424,TRE,ERCO,"Electric Reliability Council of Texas, Inc.","Electric Reliability Council of Texas, Inc."
3612,V H Braunig,TX,ELECTRIC POWER,1.0,GT,NG,GAS,156061112.0,0.0,1662812.0,1662812.0,0.0,1642720.0,Mcf,269.40608,795.33796375,1107.615,375.1841718862,340.3648479418,TRE,ERCO,"Electric Reliability Council of Texas, Inc.","Electric Reliability Council of Texas, Inc."
3612,V H Braunig,TX,ELECTRIC POWER,1.0,GT,DFO,PET,261888.0,0.0,2838.0,2838.0,0.0,473.0,Barrels,1.211826,795.33796375,1107.615,1.6876305623,1.5310084027,TRE,ERCO,"Electric Reliability Council of Texas, Inc.","Electric Reliability Council of Texas, Inc."
3612,V H Braunig,TX,ELECTRIC POWER,1.0,ST,NG,GAS,863658000.0,0.0,9865932.0,9865932.0,0.0,9658112.0,Mcf,524.72005775,795.33796375,1107.615,730.7431975515,662.9258800249,TRE,ERCO,"Electric Reliability Council of Texas, Inc.","Electric Reliability Council of Texas, Inc."
3628,R W Miller,TX,ELECTRIC POWER,1.0,GT,NG,GAS,103985334.0,0.0,1621922.0,1621922.0,0.0,1610773.0,Mcf,264.166772,766.808898,422.183,145.4426527837,131.9447090481,TRE,ERCO,"Electric Reliability Council of Texas, Inc.","Electric Reliability Council of Texas, Inc."
3628,R W Miller,TX,ELECTRIC POWER,1.0,GT,DFO,PET,613666.0,0.0,8535.0,8535.0,0.0,1469.0,Barrels,3.763578,766.808898,422.183,2.0721181704,1.8798132726,TRE,ERCO,"Electric Reliability Council of Texas, Inc.","Electric Reliability Council of Texas, Inc."
3628,R W Miller,TX,ELECTRIC POWER,1.0,ST,NG,GAS,289557170.0,0.0,3580800.0,3580800.0,0.0,3556337.0,Mcf,497.88718,766.808898,422.183,274.1224102409,248.6822192152,TRE,ERCO,"Electric Reliability Council of Texas, Inc.","Electric Reliability Council of Texas, Inc."
3628,R W Miller,TX,ELECTRIC POWER,1.0,ST,DFO,PET,879830.0,0.0,11428.0,11428.0,0.0,1967.0,Barrels,0.991368,766.808898,422.183,0.545818805,0.4951635716,TRE,ERCO,"Electric Reliability Council of Texas, Inc.","Electric Reliability Council of Texas, Inc."
3630,Pearsall,TX,ELECTRIC POWER,1.0,IC,NG,GAS,395355000.0,0.0,3636038.0,3636038.0,0.0,3398167.0,Mcf,4703.063128,4703.063128, ,4703.063128,4266.5908808854,TRE,ERCO,"Electric Reliability Council of Texas, Inc.","Electric Reliability Council of Texas, Inc."
3631,Sam Rayburn,TX,ELECTRIC POWER,1.0,CA,NG,GAS,49558000.0,0.0,0.0,0.0,0.0,0.0,Mcf,0.0,296.024996,17.77,0.0,0.0,TRE,ERCO,"Electric Reliability Council of Texas, Inc.","Electric Reliability Council of Texas, Inc."
3631,Sam Rayburn,TX,ELECTRIC POWER,1.0,CT,NG,GAS,178548000.0,0.0,2173230.0,2173230.0,0.0,2042137.0,Mcf,285.89918,296.024996,17.77,17.1621602812,15.5694096718,TRE,ERCO,"Electric Reliability Council of Texas, Inc.","Electric Reliability Council of Texas, Inc."
3631,Sam Rayburn,TX,ELECTRIC POWER,1.0,GT,NG,GAS,807000.0,0.0,40679.0,40679.0,0.0,37875.0,Mcf,6.2115,296.024996,17.77,0.3728683608,0.3382639579,TRE,ERCO,"Electric Reliability Council of Texas, Inc.","Electric Reliability Council of Texas, Inc."
3631,Sam Rayburn,TX,ELECTRIC POWER,1.0,IC,DFO,PET,230000.0,0.0,2451.0,2451.0,0.0,420.0,Barrels,3.914316,296.024996,17.77,0.234971358,0.2131646176,TRE,ERCO,"Electric Reliability Council of Texas, Inc.","Electric Reliability Council of Texas, Inc."
4195,Powerlane Plant,TX,ELECTRIC POWER,1.0,IC,NG,GAS,6492000.0,0.0,132780.0,132780.0,0.0,126456.0,Mcf,175.015104,190.277064,13.759,12.6554024185,11.4809057593,TRE,ERCO,"Electric Reliability Council of Texas, Inc.","Electric Reliability Council of Texas, Inc."
4195,Powerlane Plant,TX,ELECTRIC POWER,1.0,ST,NG,GAS,7936000.0,0.0,148683.0,148683.0,0.0,145352.0,Mcf,15.26196,190.277064,13.759,1.1035975815,1.0011771582,TRE,ERCO,"Electric Reliability Council of Texas, Inc.","Electric Reliability Council of Texas, Inc."
4266,Spencer,TX,ELECTRIC POWER,1.0,ST,NG,GAS,29249000.0,0.0,399741.0,399741.0,0.0,391903.0,Mcf,15.0882655,15.0882655,11.689,11.689,10.6041912365,TRE,ERCO,"Electric Reliability Council of Texas, Inc.","Electric Reliability Council of Texas, Inc."
4937,Thomas C Ferguson,TX,ELECTRIC POWER,1.0,CA,NG,GAS,1187142000.0,0.0,0.0,0.0,0.0,0.0,Mcf,0.0,298.400522,66.835,0.0,0.0,TRE,ERCO,"Electric Reliability Council of Texas, Inc.","Electric Reliability Council of Texas, Inc."
4937,Thomas C Ferguson,TX,ELECTRIC POWER,1.0,CT,NG,GAS,2030568000.0,0.0,21827976.0,21827976.0,0.0,21314323.0,Mcf,298.400522,298.400522,66.835,66.835,60.632314252,TRE,ERCO,"Electric Reliability Council of Texas, Inc.","Electric Reliability Council of Texas, Inc."
4939,Barney M Davis,TX,ELECTRIC POWER,2.0,CA,NG,GAS,101094000.0,0.0,932504.0,932504.0,0.0,914439.0,Mcf,12.802146,330.425347,249.763,9.6769282999,8.7788517644,TRE,ERCO,"Electric Reliability Council of Texas, Inc.","Electric Reliability Council of Texas, Inc."
4939,Barney M Davis,TX,ELECTRIC POWER,2.0,CT,NG,GAS,1260718000.0,0.0,9475438.0,9475438.0,0.0,9287164.0,Mcf,130.020296,330.425347,249.763,98.2801697409,89.1591851047,TRE,ERCO,"Electric Reliability Council of Texas, Inc.","Electric Reliability Council of Texas, Inc."
4939,Barney M Davis,TX,ELECTRIC POWER,2.0,ST,NG,GAS,185939000.0,0.0,2248449.0,2248449.0,0.0,2207093.0,Mcf,187.602905,330.425347,249.763,141.8059019592,128.6454703431,TRE,ERCO,"Electric Reliability Council of Texas, Inc.","Electric Reliability Council of Texas, Inc."
6139,Welsh,TX,ELECTRIC POWER,1.0,ST,SUB,COAL,4535993218.0,0.0,51502630.0,51502630.0,0.0,2992203.0,Tons,4566.84982875,4570.36604145,4951.067,4947.2578948854,4488.1229201537,MRO,SWPP,Southwest Power Pool,Central
6139,Welsh,TX,ELECTRIC POWER,1.0,ST,DFO,PET,8700782.0,0.0,99446.0,99446.0,0.0,16913.0,Barrels,3.5162127,4570.36604145,4951.067,3.8091051146,3.4555974912,MRO,SWPP,Southwest Power Pool,Central
6146,Martin Lake,TX,ELECTRIC POWER,2.0,ST,LIG,COAL,4135696415.0,0.0,47069837.0,47069837.0,0.0,3656392.0,Tons,5354.329035,13544.920488,9488.805,3750.9400047025,3402.8304496983,TRE,ERCO,"Electric Reliability Council of Texas, Inc.","Electric Reliability Council of Texas, Inc."
6146,Martin Lake,TX,ELECTRIC POWER,2.0,ST,SUB,COAL,8005699587.0,0.0,90691799.0,90691799.0,0.0,5513160.0,Tons,8187.0426,13544.920488,9488.805,5735.3788696595,5203.1015782087,TRE,ERCO,"Electric Reliability Council of Texas, Inc.","Electric Reliability Council of Texas, Inc."
6146,Martin Lake,TX,ELECTRIC POWER,2.0,ST,DFO,PET,8633998.0,0.0,99007.0,99007.0,0.0,17070.0,Barrels,3.548853,13544.920488,9488.805,2.4861256381,2.2553983834,TRE,ERCO,"Electric Reliability Council of Texas, Inc.","Electric Reliability Council of Texas, Inc."
6178,Coleto Creek,TX,ELECTRIC POWER,2.0,ST,RC,COAL,270852786.0,0.0,2984313.0,2984313.0,0.0,174415.0,Tons,915.67875,5872.886958,2419.411,377.2255887198,342.2168091443,TRE,ERCO,"Electric Reliability Council of Texas, Inc.","Electric Reliability Council of Texas, Inc."
6178,Coleto Creek,TX,ELECTRIC POWER,2.0,ST,SUB,COAL,2953744496.0,0.0,31549659.0,31549659.0,0.0,1835683.0,Tons,4956.3441,5872.886958,2419.411,2041.8294309225,1852.3355084119,TRE,ERCO,"Electric Reliability Council of Texas, Inc.","Electric Reliability Council of Texas, Inc."
6178,Coleto Creek,TX,ELECTRIC POWER,2.0,ST,DFO,PET,1182718.0,0.0,12576.0,12576.0,0.0,2286.0,Barrels,0.864108,5872.886958,2419.411,0.3559803578,0.3229432621,TRE,ERCO,"Electric Reliability Council of Texas, Inc.","Electric Reliability Council of Texas, Inc."
6179,Fayette Power Project,TX,ELECTRIC POWER,1.0,ST,RC,COAL,3031477242.0,0.0,32108156.0,32108156.0,0.0,1916761.0,Tons,5271.09275,13485.166904,6211.038,2427.7754665434,2202.4634550879,TRE,ERCO,"Electric Reliability Council of Texas, Inc.","Electric Reliability Council of Texas, Inc."
6179,Fayette Power Project,TX,ELECTRIC POWER,1.0,ST,SUB,COAL,6562839303.0,0.0,69425503.0,69425503.0,0.0,4145492.0,Tons,8208.07416,13485.166904,6211.038,3780.4990384996,3429.6462292475,TRE,ERCO,"Electric Reliability Council of Texas, Inc.","Electric Reliability Council of Texas, Inc."
6179,Fayette Power Project,TX,ELECTRIC POWER,1.0,ST,DFO,PET,12173455.0,0.0,128139.0,128139.0,0.0,21645.0,Barrels,5.999994,13485.166904,6211.038,2.763494957,2.5070261789,TRE,ERCO,"Electric Reliability Council of Texas, Inc.","Electric Reliability Council of Texas, Inc."
6180,Oak Grove (TX),TX,ELECTRIC POWER,2.0,ST,LIG,COAL,643040862.0,0.0,6622927.0,6622927.0,0.0,486980.0,Tons,163.92034,5022.458202,4535.282,148.0201402452,134.2829903341,TRE,ERCO,"Electric Reliability Council of Texas, Inc.","Electric Reliability Council of Texas, Inc."
6180,Oak Grove (TX),TX,ELECTRIC POWER,2.0,ST,RC,COAL,11671809345.0,0.0,119295297.0,119295297.0,0.0,8771713.0,Tons,4850.5396,5022.458202,4535.282,4380.0394255958,3973.5457004408,TRE,ERCO,"Electric Reliability Council of Texas, Inc.","Electric Reliability Council of Texas, Inc."
6180,Oak Grove (TX),TX,ELECTRIC POWER,2.0,ST,NG,GAS,92561793.0,0.0,952264.0,952264.0,0.0,940972.0,Mcf,7.998262,5022.458202,4535.282,7.2224341589,6.5521492869,TRE,ERCO,"Electric Reliability Council of Texas, Inc.","Electric Reliability Council of Texas, Inc."
6181,J T Deely,TX,ELECTRIC POWER,1.0,ST,SUB,COAL,-11272421.0,0.0,0.0,0.0,0.0,0.0,Tons,0.0,0.01589075,0.001,0.0,0.0,TRE,ERCO,"Electric Reliability Council of Texas, Inc.","Electric Reliability Council of Texas, Inc."
6181,J T Deely,TX,ELECTRIC POWER,1.0,ST,NG,GAS,-2837579.0,0.0,869.0,869.0,0.0,867.0,Mcf,0.01589075,0.01589075,0.001,0.001,0.000907194,TRE,ERCO,"Electric Reliability Council of Texas, Inc.","Electric Reliability Council of Texas, Inc."
6183,San Miguel,TX,ELECTRIC POWER,1.0,ST,LIG,COAL,2067068254.0,0.0,27584095.0,27584095.0,0.0,2662992.0,Tons,1903.1238765,1904.7131420625,2266.68,2264.7887144381,2054.6028435436,TRE,ERCO,"Electric Reliability Council of Texas, Inc.","Electric Reliability Council of Texas, Inc."
6183,San Miguel,TX,ELECTRIC POWER,1.0,ST,DFO,PET,4814746.0,0.0,64784.0,64784.0,0.0,11325.0,Barrels,1.5892655625,1904.7131420625,2266.68,1.8912855619,1.7157630064,TRE,ERCO,"Electric Reliability Council of Texas, Inc.","Electric Reliability Council of Texas, Inc."
6193,Harrington,TX,ELECTRIC POWER,1.0,ST,SUB,COAL,3677455535.0,0.0,39858547.0,39858547.0,0.0,2240989.0,Tons,3327.868665,3347.685384375,2945.238,2927.8035794266,2656.0859833318,MRO,SWPP,Southwest Power Pool,Central
6193,Harrington,TX,ELECTRIC POWER,1.0,ST,NG,GAS,57783465.0,0.0,630275.0,630275.0,0.0,621701.0,Mcf,19.816719375,3347.685384375,2945.238,17.4344205734,15.8164025886,MRO,SWPP,Southwest Power Pool,Central
6194,Tolk,TX,ELECTRIC POWER,1.0,ST,SUB,COAL,2704226422.0,0.0,29762743.0,29762743.0,0.0,1674406.0,Tons,2486.49291,2499.639785625,2487.722,2474.6378060647,2244.9766906148,MRO,SWPP,Southwest Power Pool,Central
6194,Tolk,TX,ELECTRIC POWER,1.0,ST,NG,GAS,37526578.0,0.0,419513.0,419513.0,0.0,412451.0,Mcf,13.146875625,2499.639785625,2487.722,13.0841939353,11.8699028716,MRO,SWPP,Southwest Power Pool,Central
6243,Dansby,TX,ELECTRIC POWER,1.0,GT,NG,GAS,48030000.0,0.0,493406.0,493406.0,0.0,493406.0,Mcf,80.918584,163.704994,73.753,36.4557499434,33.0724393935,TRE,ERCO,"Electric Reliability Council of Texas, Inc.","Electric Reliability Council of Texas, Inc."
6243,Dansby,TX,ELECTRIC POWER,1.0,ST,NG,GAS,102071000.0,0.0,1576884.0,1576884.0,0.0,1576884.0,Mcf,82.78641,163.704994,73.753,37.2972500566,33.8358432882,TRE,ERCO,"Electric Reliability Council of Texas, Inc.","Electric Reliability Council of Texas, Inc."
7030,Major Oak Power,TX,ELECTRIC POWER,2.0,ST,LIG,COAL,2409732242.0,0.0,28427679.0,28427679.0,0.0,2096086.0,Tons,778.1719275,780.1343215875,2049.888,2044.7315955451,1854.9683348863,TRE,ERCO,"Electric Reliability Council of Texas, Inc.","Electric Reliability Council of Texas, Inc."
7030,Major Oak Power,TX,ELECTRIC POWER,2.0,ST,NG,GAS,4191758.0,0.0,50342.0,50342.0,0.0,50342.0,Mcf,1.9623940875,780.1343215875,2049.888,5.1564044549,4.6778594347,TRE,ERCO,"Electric Reliability Council of Texas, Inc.","Electric Reliability Council of Texas, Inc."
7097,J K Spruce,TX,ELECTRIC POWER,1.0,ST,SUB,COAL,6672769117.0,0.0,66465334.0,66465334.0,0.0,3936903.0,Tons,2475.3223566,2478.708026875,2915.741,2911.7583858614,2641.5298792175,TRE,ERCO,"Electric Reliability Council of Texas, Inc.","Electric Reliability Council of Texas, Inc."
7097,J K Spruce,TX,ELECTRIC POWER,1.0,ST,NG,GAS,19527883.0,0.0,194785.0,194785.0,0.0,192847.0,Mcf,3.385670275,2478.708026875,2915.741,3.9826141386,3.6130038452,TRE,ERCO,"Electric Reliability Council of Texas, Inc.","Electric Reliability Council of Texas, Inc."
7131,Brandon Station,TX,ELECTRIC POWER,1.0,GT,NG,GAS,20468000.0,1477.0,213905.0,209566.0,4339.0,203719.0,Mcf,33.409916,33.409916, ,33.409916,30.3092769663,MRO,SWPP,Southwest Power Pool,Central
7325,San Jacinto Steam Electric Station,TX,ELECTRIC POWER,2.0,GT,NG,GAS,1034100000.0,0.0,13856983.0,13856983.0,0.0,13519008.0,Mcf,2217.117312,2217.117312,163.082,163.082,147.9470198675,TRE,ERCO,"Electric Reliability Council of Texas, Inc.","Electric Reliability Council of Texas, Inc."
7512,Arthur Von Rosenberg,TX,ELECTRIC POWER,1.0,CA,NG,GAS,1257150000.0,0.0,0.0,0.0,0.0,0.0,Mcf,0.0,494.914077, ,0.0,0.0,TRE,ERCO,"Electric Reliability Council of Texas, Inc.","Electric Reliability Council of Texas, Inc."
7512,Arthur Von Rosenberg,TX,ELECTRIC POWER,1.0,CT,NG,GAS,2115668000.0,0.0,23727563.0,23727563.0,0.0,23567337.0,Mcf,494.914077,494.914077, ,494.914077,448.9831053252,TRE,ERCO,"Electric Reliability Council of Texas, Inc.","Electric Reliability Council of Texas, Inc."
7900,Sand Hill,TX,ELECTRIC POWER,1.0,CA,NG,GAS,440823000.0,0.0,278612.0,278612.0,0.0,272862.0,Mcf,3.820068,633.56431,83.956,0.5062116409,0.4592321881,TRE,ERCO,"Electric Reliability Council of Texas, Inc.","Electric Reliability Council of Texas, Inc."
7900,Sand Hill,TX,ELECTRIC POWER,1.0,CT,NG,GAS,761368000.0,0.0,9278807.0,9278807.0,0.0,9090847.0,Mcf,127.271858,633.56431,83.956,16.8652746716,15.3000768135,TRE,ERCO,"Electric Reliability Council of Texas, Inc.","Electric Reliability Council of Texas, Inc."
7900,Sand Hill,TX,ELECTRIC POWER,1.0,GT,NG,GAS,315311000.0,0.0,3122945.0,3122945.0,0.0,3063856.0,Mcf,502.472384,633.56431,83.956,66.5845136875,60.40507456,TRE,ERCO,"Electric Reliability Council of Texas, Inc.","Electric Reliability Council of Texas, Inc."
7902,Pirkey,TX,ELECTRIC POWER,1.0,ST,LIG,COAL,3060229652.0,0.0,32887518.0,32887518.0,0.0,2636556.0,Tons,3425.8749525,3432.14214,2804.274,2799.1533172769,2539.3752311321,MRO,SWPP,Southwest Power Pool,Central
7902,Pirkey,TX,ELECTRIC POWER,1.0,ST,NG,GAS,10923348.0,0.0,118568.0,118568.0,0.0,119375.0,Mcf,6.2671875,3432.14214,2804.274,5.1206827231,4.6454528922,MRO,SWPP,Southwest Power Pool,Central
8063,DeCordova Steam Electric Station,TX,ELECTRIC POWER,2.0,GT,NG,GAS,22351606.0,0.0,328092.0,328092.0,0.0,312470.0,Mcf,51.24508,54.03766,116.703,110.6719752713,100.4009573359,TRE,ERCO,"Electric Reliability Council of Texas, Inc.","Electric Reliability Council of Texas, Inc."
8063,DeCordova Steam Electric Station,TX,ELECTRIC POWER,2.0,GT,DFO,PET,430394.0,0.0,6318.0,6318.0,0.0,1090.0,Barrels,2.79258,54.03766,116.703,6.0310247287,5.4713097421,TRE,ERCO,"Electric Reliability Council of Texas, Inc.","Electric Reliability Council of Texas, Inc."
10072,Engineered Carbons Borger Cogen,TX,INDUSTRIAL,6.0,ST,NG,GAS,462306.0,0.0,7963.0,7963.0,0.0,7807.0,Mcf,1.09298,1768.84085153, ,1.09298,0.9915449515,MRO,SWPP,Southwest Power Pool,Central
10072,Engineered Carbons Borger Cogen,TX,INDUSTRIAL,6.0,ST,OG,OTHER,94018694.0,0.0,1619452.0,1619452.0,0.0,23135033.0,Mcf,1767.74787153,1768.84085153, ,1767.74787153,1603.6903488433,MRO,SWPP,Southwest Power Pool,Central
10154,Power Island,TX,INDUSTRIAL,7.0,GT,NG,GAS,247393000.0,3099220.0,4808933.0,1029396.0,3779537.0,4632884.0,Mcf,759.792976,759.792976, ,759.792976,689.2796661526,TRE,ERCO,"Electric Reliability Council of Texas, Inc.","Electric Reliability Council of Texas, Inc."
10167,Seadrift Coke LP,TX,INDUSTRIAL,7.0,ST,NG,GAS,393265.0,3283.0,19429.0,8488.0,10941.0,18771.0,Mcf,2.62794,419.51253213, ,2.62794,2.3840515286,TRE,ERCO,"Electric Reliability Council of Texas, Inc.","Electric Reliability Council of Texas, Inc."
10167,Seadrift Coke LP,TX,INDUSTRIAL,7.0,ST,OG,OTHER,6696598.0,58087.0,342782.0,149165.0,193617.0,304693.0,Mcf,23.28159213,419.51253213, ,23.28159213,21.1209218271,TRE,ERCO,"Electric Reliability Council of Texas, Inc.","Electric Reliability Council of Texas, Inc."
10167,Seadrift Coke LP,TX,INDUSTRIAL,7.0,ST,PC,PET,18983137.0,171627.0,1012122.0,440039.0,572083.0,37486.0,Tons,393.603,419.51253213, ,393.603,357.0742991926,TRE,ERCO,"Electric Reliability Council of Texas, Inc.","Electric Reliability Council of Texas, Inc."
10184,Central Utility Plant,TX,COMMERCIAL,5.0,IC,NG,GAS,13595396.0,18859.0,188867.0,137901.0,50966.0,185860.0,Mcf,257.23024,264.592882, ,257.23024,233.3577429012,TRE,ERCO,"Electric Reliability Council of Texas, Inc.","Electric Reliability Council of Texas, Inc."
10184,Central Utility Plant,TX,COMMERCIAL,5.0,IC,DFO,PET,330827.0,456.0,4582.0,3348.0,1234.0,790.0,Barrels,7.362642,264.592882, ,7.362642,6.6793450059,TRE,ERCO,"Electric Reliability Council of Texas, Inc.","Electric Reliability Council of Texas, Inc."
10243,Ticona Polymers Inc,TX,INDUSTRIAL,7.0,GT,NG,GAS,269498000.0,125468.0,3483312.0,3065092.0,418220.0,3368774.0,Mcf,552.478936,552.478936, ,552.478936,501.2056028304,TRE,ERCO,"Electric Reliability Council of Texas, Inc.","Electric Reliability Council of Texas, Inc."
10261,Enterprise Products Operating,TX,INDUSTRIAL,7.0,GT,NG,GAS,154294000.0,0.0,2129992.0,2129992.0,0.0,2052016.0,Mcf,336.530624,336.530624, ,336.530624,305.2985793341,TRE,ERCO,"Electric Reliability Council of Texas, Inc.","Electric Reliability Council of Texas, Inc."
10298,Bayou Cogen Plant,TX,INDUSTRIAL,6.0,GT,NG,GAS,2108450506.0,0.0,29251111.0,29251111.0,0.0,28556058.0,Mcf,4683.193512,5012.968512,283.315,264.6772998227,240.1136712535,TRE,ERCO,"Electric Reliability Council of Texas, Inc.","Electric Reliability Council of Texas, Inc."
10298,Bayou Cogen Plant,TX,INDUSTRIAL,6.0,GT,OG,OTHER,180288494.0,0.0,2500000.0,2500000.0,0.0,2500000.0,Mcf,329.775,5012.968512,283.315,18.6377001773,16.9080106843,TRE,ERCO,"Electric Reliability Council of Texas, Inc.","Electric Reliability Council of Texas, Inc."
10418,Ascend Performance Materials Texas Inc.,TX,INDUSTRIAL,7.0,ST,NG,GAS,264139000.0,2714760.0,4356630.0,1085835.0,3270795.0,4213377.0,Mcf,451.172547,451.172547, ,451.172547,409.3010496235,TRE,ERCO,"Electric Reliability Council of Texas, Inc.","Electric Reliability Council of Texas, Inc."
10425,International Paper - Orange,TX,INDUSTRIAL,7.0,ST,NG,GAS,65364145.0,1574714.0,3153922.0,391266.0,2762656.0,3153922.0,Mcf,254.353869,816.756884625, ,254.353869,230.7483162478,SERC,MISO,"Midcontinent Independent System Operator, Inc.",Midwest
10425,International Paper - Orange,TX,INDUSTRIAL,7.0,ST,BLQ,OTHER,157948791.0,3734666.0,7497523.0,945475.0,6552048.0,681593.0,Tons,511.19475,816.756884625, ,511.19475,463.7528349814,SERC,MISO,"Midcontinent Independent System Operator, Inc.",Midwest
10425,International Paper - Orange,TX,INDUSTRIAL,7.0,ST,TDF,OTHER,1594840.0,38298.0,76736.0,9546.0,67190.0,2398.0,Tons,4.35237,816.756884625, ,4.35237,3.9484441622,SERC,MISO,"Midcontinent Independent System Operator, Inc.",Midwest
10425,International Paper - Orange,TX,INDUSTRIAL,7.0,ST,WDS,OTHER,28137224.0,677855.0,1357650.0,168429.0,1189221.0,150850.0,Tons,46.855895625,816.756884625, ,46.855895625,42.5073896625,SERC,MISO,"Midcontinent Independent System Operator, Inc.",Midwest
10436,ExxonMobil Baytown Refinery,TX,INDUSTRIAL,7.0,GT,NG,GAS,1015917000.0,7659870.0,15338244.0,4845273.0,10492971.0,14188941.0,Mcf,2326.986324,2326.986324, ,2326.986324,2111.0281447882,TRE,ERCO,"Electric Reliability Council of Texas, Inc.","Electric Reliability Council of Texas, Inc."
10554,Formosa Utility Venture Ltd,TX,INDUSTRIAL,7.0,CA,NG,GAS,584024101.0,0.0,156681.0,156681.0,0.0,152365.0,Mcf,18.131435,4028.641740143, ,18.131435,16.4487299283,TRE,ERCO,"Electric Reliability Council of Texas, Inc.","Electric Reliability Council of Texas, Inc."
10554,Formosa Utility Venture Ltd,TX,INDUSTRIAL,7.0,CA,OG,OTHER,47984249.0,1312798.0,2086732.0,237724.0,1849008.0,7728638.0,Mcf,501.963445143,4028.641740143, ,501.963445143,455.3782501524,TRE,ERCO,"Electric Reliability Council of Texas, Inc.","Electric Reliability Council of Texas, Inc."
10554,Formosa Utility Venture Ltd,TX,INDUSTRIAL,7.0,CT,NG,GAS,3301583180.0,4916735.0,26018616.0,19093637.0,6924979.0,25061049.0,Mcf,3508.54686,4028.641740143, ,3508.54686,3182.9328313526,TRE,ERCO,"Electric Reliability Council of Texas, Inc.","Electric Reliability Council of Texas, Inc."
10568,Port Arthur Texas Refinery,TX,INDUSTRIAL,7.0,GT,NG,GAS,255058000.0,2212311.0,3584382.0,1011928.0,2572454.0,3493549.0,Mcf,572.942036,572.942036, ,572.942036,519.7696053706,SERC,MISO,"Midcontinent Independent System Operator, Inc.",Midwest
10692,ExxonMobil Baytown Turbine,TX,INDUSTRIAL,7.0,GT,NG,GAS,2566589000.0,14819761.0,33458703.0,12585803.0,20872900.0,32625251.0,Mcf,5350.541164,5350.541164, ,5350.541164,4853.9791018779,TRE,ERCO,"Electric Reliability Council of Texas, Inc.","Electric Reliability Council of Texas, Inc."
10789,Sabine River Works,TX,INDUSTRIAL,7.0,CA,NG,GAS,599979381.0,0.0,788066.0,788066.0,0.0,765346.0,Mcf,16.072266,3709.054610512, ,16.072266,14.580664066,SERC,MISO,"Midcontinent Independent System Operator, Inc.",Midwest
10789,Sabine River Works,TX,INDUSTRIAL,7.0,CA,OG,OTHER,13444619.0,343632.0,610011.0,73086.0,536925.0,1786688.0,Mcf,20.478124512,3709.054610512, ,20.478124512,18.577632688,SERC,MISO,"Midcontinent Independent System Operator, Inc.",Midwest
10789,Sabine River Works,TX,INDUSTRIAL,7.0,CT,NG,GAS,2570240000.0,6785593.0,27035206.0,16432718.0,10602488.0,26232173.0,Mcf,3672.50422,3709.054610512, ,3672.50422,3331.6739726027,SERC,MISO,"Midcontinent Independent System Operator, Inc.",Midwest
10790,Victoria Texas Plant,TX,INDUSTRIAL,7.0,GT,NG,GAS,505437000.0,2632130.0,6237785.0,2477600.0,3760185.0,6038516.0,Mcf,990.316624,990.316624, ,990.316624,898.4093477275,TRE,ERCO,"Electric Reliability Council of Texas, Inc.","Electric Reliability Council of Texas, Inc."
50026,Corpus Refinery,TX,INDUSTRIAL,7.0,GT,NG,GAS,280241000.0,1581968.0,3311376.0,1256874.0,2054502.0,3227461.0,Mcf,529.303604,529.303604, ,529.303604,480.1810795609,TRE,ERCO,"Electric Reliability Council of Texas, Inc.","Electric Reliability Council of Texas, Inc."
50043,Houston Chemical Complex Battleground,TX,INDUSTRIAL,7.0,CA,NG,GAS,356376064.0,57939.0,1123103.0,1029652.0,93451.0,1090391.0,Mcf,57.054445,2538.300096415, ,57.054445,51.759452962,TRE,ERCO,"Electric Reliability Council of Texas, Inc.","Electric Reliability Council of Texas, Inc."
50043,Houston Chemical Complex Battleground,TX,INDUSTRIAL,7.0,CA,OG,OTHER,19301936.0,502975.0,917471.0,106223.0,811248.0,3020963.0,Mcf,115.415891415,2538.300096415, ,115.415891415,104.7046098294,TRE,ERCO,"Electric Reliability Council of Texas, Inc.","Electric Reliability Council of Texas, Inc."
50043,Houston Chemical Complex Battleground,TX,INDUSTRIAL,7.0,CT,NG,GAS,1357472000.0,5413113.0,17405747.0,8674918.0,8730829.0,16898784.0,Mcf,2365.82976,2538.300096415, ,2365.82976,2146.2666787626,TRE,ERCO,"Electric Reliability Council of Texas, Inc.","Electric Reliability Council of Texas, Inc."
50054,Rice University,TX,COMMERCIAL,5.0,GT,NG,GAS,19584320.0,120135.0,265242.0,96036.0,169206.0,259786.0,Mcf,42.604904,42.604904, ,42.604904,38.6509153588,TRE,ERCO,"Electric Reliability Council of Texas, Inc.","Electric Reliability Council of Texas, Inc."
50067,Borger Plant,TX,INDUSTRIAL,7.0,ST,NG,GAS,7458895.0,110507.0,164787.0,34778.0,130009.0,164787.0,Mcf,23.07018,298.5241973, ,23.07018,20.9291300009,MRO,SWPP,Southwest Power Pool,Central
50067,Borger Plant,TX,INDUSTRIAL,7.0,ST,BFG,OTHER,64609105.0,1829776.0,2504127.0,351450.0,2152677.0,35773249.0,Mcf,275.4540173,298.5241973, ,275.4540173,249.8902452146,MRO,SWPP,Southwest Power Pool,Central
50101,WestRock (TX),TX,INDUSTRIAL,7.0,ST,NG,GAS,62581187.0,2149386.0,3193126.0,288552.0,2904574.0,3012382.0,Mcf,254.8807093,1208.7291133, ,254.8807093,231.2262626327,TRE,MISO,"Midcontinent Independent System Operator, Inc.",Midwest
50101,WestRock (TX),TX,INDUSTRIAL,7.0,ST,BLQ,OTHER,290043423.0,9944599.0,14775985.0,1337337.0,13438648.0,1284868.0,Tons,571.487805,1208.7291133, ,571.487805,518.4503356618,TRE,MISO,"Midcontinent Independent System Operator, Inc.",Midwest
50101,WestRock (TX),TX,INDUSTRIAL,7.0,ST,WDS,OTHER,96111390.0,3288011.0,4886408.0,443150.0,4443258.0,524856.0,Tons,382.360599,1208.7291133, ,382.360599,346.8752599111,TRE,MISO,"Midcontinent Independent System Operator, Inc.",Midwest
50109,Paris Energy Center,TX,ELECTRIC POWER,2.0,CA,NG,GAS,148922000.0,0.0,131887.0,131887.0,0.0,126212.0,Mcf,8.83484,549.89872,257.595,4.1385995767,3.7545129063,TRE,ERCO,"Electric Reliability Council of Texas, Inc.","Electric Reliability Council of Texas, Inc."
50109,Paris Energy Center,TX,ELECTRIC POWER,2.0,CT,NG,GAS,311892000.0,0.0,4035301.0,4035301.0,0.0,3864742.0,Mcf,541.06388,549.89872,257.595,253.4564004233,229.9341380961,TRE,ERCO,"Electric Reliability Council of Texas, Inc.","Electric Reliability Council of Texas, Inc."
50118,Hal C Weaver Power Plant,TX,COMMERCIAL,5.0,CA,NG,GAS,95664310.0,511997.0,1008139.0,398620.0,609519.0,997170.0,Mcf,72.849126,480.692086, ,72.849126,66.088293568,TRE,ERCO,"Electric Reliability Council of Texas, Inc.","Electric Reliability Council of Texas, Inc."
50118,Hal C Weaver Power Plant,TX,COMMERCIAL,5.0,CT,NG,GAS,236552930.0,1640232.0,2945208.0,992550.0,1952658.0,2913164.0,Mcf,407.84296,480.692086, ,407.84296,369.9927061598,TRE,ERCO,"Electric Reliability Council of Texas, Inc.","Electric Reliability Council of Texas, Inc."
50121,Valero Refinery Corpus Christi West,TX,INDUSTRIAL,6.0,ST,NG,GAS,34052119.0,0.0,491535.0,491535.0,0.0,491535.0,Mcf,68.8149,503.61267642, ,68.8149,62.4284677493,TRE,ERCO,"Electric Reliability Council of Texas, Inc.","Electric Reliability Council of Texas, Inc."
50121,Valero Refinery Corpus Christi West,TX,INDUSTRIAL,6.0,ST,OG,OTHER,76049507.0,0.0,1097760.0,1097760.0,0.0,997962.0,Mcf,76.25427642,503.61267642, ,76.25427642,69.1774257643,TRE,ERCO,"Electric Reliability Council of Texas, Inc.","Electric Reliability Council of Texas, Inc."
50121,Valero Refinery Corpus Christi West,TX,INDUSTRIAL,6.0,ST,PC,PET,80856374.0,0.0,1167146.0,1167146.0,0.0,34147.0,Tons,358.5435,503.61267642, ,358.5435,325.2685294384,TRE,ERCO,"Electric Reliability Council of Texas, Inc.","Electric Reliability Council of Texas, Inc."
50127,Signal Hill Generating LLC,TX,ELECTRIC POWER,2.0,CA,NG,GAS,2313000.0,0.0,0.0,0.0,0.0,0.0,Mcf,0.0,27.74884, ,0.0,0.0,TRE,ERCO,"Electric Reliability Council of Texas, Inc.","Electric Reliability Council of Texas, Inc."
50127,Signal Hill Generating LLC,TX,ELECTRIC POWER,2.0,CT,NG,GAS,12363000.0,0.0,198106.0,198106.0,0.0,198206.0,Mcf,27.74884,27.74884, ,27.74884,25.1735825093,TRE,ERCO,"Electric Reliability Council of Texas, Inc.","Electric Reliability Council of Texas, Inc."
50137,Newgulf Cogen,TX,ELECTRIC POWER,2.0,GT,NG,GAS,6563000.0,0.0,159844.0,159844.0,0.0,159844.0,Mcf,26.214416,26.214416,26.54,26.54,24.0769300553,TRE,ERCO,"Electric Reliability Council of Texas, Inc.","Electric Reliability Council of Texas, Inc."
50141,Snider Industries,TX,INDUSTRIAL,7.0,ST,WDS,OTHER,11804000.0,165910.0,598012.0,161406.0,436606.0,70354.0,Tons,88.29427,88.29427, ,88.29427,80.1000362878,MRO,SWPP,Southwest Power Pool,Central
50150,Union Carbide Seadrift Cogen,TX,INDUSTRIAL,7.0,CA,NG,GAS,157124134.0,29708.0,777001.0,709483.0,67518.0,754369.0,Mcf,105.61166,1154.57263874, ,105.61166,95.8102694366,TRE,ERCO,"Electric Reliability Council of Texas, Inc.","Electric Reliability Council of Texas, Inc."
50150,Union Carbide Seadrift Cogen,TX,INDUSTRIAL,7.0,CA,OG,OTHER,14689056.0,283813.0,762461.0,117430.0,645031.0,464914.0,Mcf,35.52407874,1154.57263874, ,35.52407874,32.2272328223,TRE,ERCO,"Electric Reliability Council of Texas, Inc.","Electric Reliability Council of Texas, Inc."
50150,Union Carbide Seadrift Cogen,TX,INDUSTRIAL,7.0,CT,NG,GAS,565714670.0,1050209.0,7456000.0,5069162.0,2386838.0,7238835.0,Mcf,1013.4369,1154.57263874, ,1013.4369,919.3839245215,TRE,ERCO,"Electric Reliability Council of Texas, Inc.","Electric Reliability Council of Texas, Inc."
50153,Texas City Plant Union Carbide,TX,INDUSTRIAL,7.0,ST,PUR,OTHER,70346000.0,0.0,626360.0,626360.0,0.0,0.0,Mcf,0.0,0.0, ,0.0,0.0,TRE,ERCO,"Electric Reliability Council of Texas, Inc.","Electric Reliability Council of Texas, Inc."
50229,Texas Petrochemicals,TX,INDUSTRIAL,7.0,ST,NG,GAS,201254931.0,8844422.0,11351094.0,822019.0,10529075.0,10853080.0,Mcf,1519.4312,1557.81339479, ,1519.4312,1378.4189422117,TRE,ERCO,"Electric Reliability Council of Texas, Inc.","Electric Reliability Council of Texas, Inc."
50229,Texas Petrochemicals,TX,INDUSTRIAL,7.0,ST,OG,OTHER,14627069.0,644216.0,826672.0,59747.0,766925.0,502319.0,Mcf,38.38219479,1557.81339479, ,38.38219479,34.8200986936,TRE,ERCO,"Electric Reliability Council of Texas, Inc.","Electric Reliability Council of Texas, Inc."
50241,Tenet Hospital,TX,COMMERCIAL,5.0,IC,DFO,PET,68000.0,208.0,878.0,465.0,413.0,151.0,Barrels,1.4072898,1.4072898, ,1.4072898,1.2766849315,TRE,EPE,El Paso Electric Company,Southwest
50304,Shell Deer Park,TX,INDUSTRIAL,7.0,GT,NG,GAS,1039624597.0,738800.0,14286664.0,11823998.0,2462666.0,14021411.0,Mcf,2299.511404,2662.409005, ,2299.511404,2086.1030608727,TRE,ERCO,"Electric Reliability Council of Texas, Inc.","Electric Reliability Council of Texas, Inc."
50304,Shell Deer Park,TX,INDUSTRIAL,7.0,GT,OG,OTHER,159150403.0,117244.0,2200880.0,1810070.0,390810.0,2751100.0,Mcf,362.897601,2662.409005, ,362.897601,329.2185439536,TRE,ERCO,"Electric Reliability Council of Texas, Inc.","Electric Reliability Council of Texas, Inc."
50304,Shell Deer Park,TX,INDUSTRIAL,7.0,ST,PUR,OTHER,248361000.0,0.0,2211408.0,2211408.0,0.0,0.0,Mcf,0.0,2662.409005, ,0.0,0.0,TRE,ERCO,"Electric Reliability Council of Texas, Inc.","Electric Reliability Council of Texas, Inc."
50475,Corpus Christi,TX,INDUSTRIAL,7.0,GT,NG,GAS,76451000.0,1258996.0,2802991.0,1167931.0,1635060.0,3163645.0,Mcf,518.83778,518.83778, ,518.83778,470.6865463123,TRE,ERCO,"Electric Reliability Council of Texas, Inc.","Electric Reliability Council of Texas, Inc."
50569,DFW Gas Recovery,TX,ELECTRIC POWER,2.0,GT,LFG,OTHER,39164000.0,0.0,685325.0,685325.0,0.0,1297786.0,Mcf,93.440592,677.69953209, ,93.440592,84.7687489794,TRE,PNM,Public Service Company of New Mexico,Southwest
50569,DFW Gas Recovery,TX,ELECTRIC POWER,2.0,IC,LFG,OTHER,46090000.0,0.0,506433.0,506433.0,0.0,961569.0,Mcf,584.25894009,677.69953209, ,584.25894009,530.036233412,TRE,PNM,Public Service Company of New Mexico,Southwest
50625,ExxonMobil Beaumont Refinery,TX,INDUSTRIAL,7.0,GT,NG,GAS,3499489000.0,0.0,21676342.0,21676342.0,0.0,21044993.0,Mcf,3451.378852,3841.9503450068,162.64,146.106067513,132.5465549424,SERC,MISO,"Midcontinent Independent System Operator, Inc.",Midwest
50625,ExxonMobil Beaumont Refinery,TX,INDUSTRIAL,7.0,ST,NG,GAS,474636042.0,4079993.0,18998170.0,5398194.0,13599976.0,18444826.0,Mcf,258.227564,3841.9503450068,162.64,10.9314611688,9.9169565171,SERC,MISO,"Midcontinent Independent System Operator, Inc.",Midwest
50625,ExxonMobil Beaumont Refinery,TX,INDUSTRIAL,7.0,ST,OG,OTHER,117029958.0,1009730.0,4696786.0,1331020.0,3365766.0,6926145.0,Mcf,132.3439290068,3841.9503450068,162.64,5.6024713182,5.0825286384,SERC,MISO,"Midcontinent Independent System Operator, Inc.",Midwest
50815,Optim Energy Altura Cogen LLC,TX,ELECTRIC POWER,3.0,CA,NG,GAS,610121000.0,0.0,643938.0,643938.0,0.0,628052.0,Mcf,43.96364,5057.37764,341.276,2.9667025626,2.6913749094,TRE,ERCO,"Electric Reliability Council of Texas, Inc.","Electric Reliability Council of Texas, Inc."
50815,Optim Energy Altura Cogen LLC,TX,ELECTRIC POWER,3.0,CT,NG,GAS,2599000000.0,13365244.0,36698203.0,16447831.0,20250372.0,35810100.0,Mcf,5013.414,5057.37764,341.276,338.3092974374,306.9121812913,TRE,ERCO,"Electric Reliability Council of Texas, Inc.","Electric Reliability Council of Texas, Inc."
50973,Motiva Enterprises Port Arthur Refinery,TX,INDUSTRIAL,7.0,CA,NG,GAS,174123857.0,0.0,0.0,0.0,0.0,0.0,Mcf,0.0,1159.8106993905, ,0.0,0.0,SERC,MISO,"Midcontinent Independent System Operator, Inc.",Midwest
50973,Motiva Enterprises Port Arthur Refinery,TX,INDUSTRIAL,7.0,CA,OG,OTHER,194675963.0,11855865.0,15293466.0,835095.0,14458371.0,16992738.0,Mcf,551.5485493905,1159.8106993905, ,551.5485493905,500.3615616352,SERC,MISO,"Midcontinent Independent System Operator, Inc.",Midwest
50973,Motiva Enterprises Port Arthur Refinery,TX,INDUSTRIAL,7.0,CT,NG,GAS,1333272760.0,5904236.0,13666515.0,6466227.0,7200288.0,13523505.0,Mcf,189.32907,1159.8106993905, ,189.32907,171.7582055702,SERC,MISO,"Midcontinent Independent System Operator, Inc.",Midwest
50973,Motiva Enterprises Port Arthur Refinery,TX,INDUSTRIAL,7.0,GT,NG,GAS,135179240.0,1646020.0,2581298.0,573957.0,2007341.0,2554470.0,Mcf,418.93308,1159.8106993905, ,418.93308,380.0535970244,SERC,MISO,"Midcontinent Independent System Operator, Inc.",Midwest
52088,Texas City Power Plant,TX,ELECTRIC POWER,3.0,CA,NG,GAS,378440000.0,179478.0,1813157.0,1514028.0,299129.0,1724757.0,Mcf,147.75068,2648.47058,474.892,26.492881007,24.0341839853,TRE,ERCO,"Electric Reliability Council of Texas, Inc.","Electric Reliability Council of Texas, Inc."
52088,Texas City Power Plant,TX,ELECTRIC POWER,3.0,CT,NG,GAS,1371554000.0,5990617.0,18772333.0,8787972.0,9984361.0,17862285.0,Mcf,2500.7199,2648.47058,474.892,448.399118993,406.7850122407,TRE,ERCO,"Electric Reliability Council of Texas, Inc.","Electric Reliability Council of Texas, Inc."
52120,Freeport Energy,TX,INDUSTRIAL,7.0,CA,NG,GAS,435948070.0,0.0,0.0,0.0,0.0,0.0,Mcf,0.0,4719.713432, ,0.0,0.0,TRE,ERCO,"Electric Reliability Council of Texas, Inc.","Electric Reliability Council of Texas, Inc."
52120,Freeport Energy,TX,INDUSTRIAL,7.0,CT,NG,GAS,2264779280.0,6865898.0,27738603.0,16101489.0,11637114.0,26930683.0,Mcf,3770.29562,4719.713432, ,3770.29562,3420.3897487072,TRE,ERCO,"Electric Reliability Council of Texas, Inc.","Electric Reliability Council of Texas, Inc."
52120,Freeport Energy,TX,INDUSTRIAL,7.0,GT,NG,GAS,477228640.0,1856522.0,5962807.0,2816161.0,3146646.0,5789133.0,Mcf,949.417812,4719.713432, ,949.417812,861.3061888778,TRE,ERCO,"Electric Reliability Council of Texas, Inc.","Electric Reliability Council of Texas, Inc."
52122,Wasson CO2 Removal Plant,TX,INDUSTRIAL,7.0,GT,NG,GAS,152499000.0,101720.0,1727901.0,1445351.0,282550.0,2518808.0,Mcf,413.084512,413.084512, ,413.084512,374.7478109408,MRO,SWPP,Southwest Power Pool,Central
52132,Power Station 4,TX,INDUSTRIAL,7.0,CA,NG,GAS,0.0,780112.0,1258246.0,0.0,1258246.0,1233311.0,Mcf,25.899531,1180.766811, ,25.899531,23.4959003901,TRE,ERCO,"Electric Reliability Council of Texas, Inc.","Electric Reliability Council of Texas, Inc."
52132,Power Station 4,TX,INDUSTRIAL,7.0,CT,NG,GAS,626717000.0,2950304.0,8417440.0,3658886.0,4758554.0,8249052.0,Mcf,1154.86728,1180.766811, ,1154.86728,1047.688723578,TRE,ERCO,"Electric Reliability Council of Texas, Inc.","Electric Reliability Council of Texas, Inc."
52176,C R Wing Cogen Plant,TX,ELECTRIC POWER,3.0,CA,NG,GAS,320810000.0,0.0,651808.0,651808.0,0.0,632453.0,Mcf,75.261907,1217.868267,550.277,34.0060559261,30.8500915596,TRE,ERCO,"Electric Reliability Council of Texas, Inc.","Electric Reliability Council of Texas, Inc."
52176,C R Wing Cogen Plant,TX,ELECTRIC POWER,3.0,CT,NG,GAS,681674000.0,20040.0,8404536.0,8353150.0,51386.0,8161474.0,Mcf,1142.60636,1217.868267,550.277,516.2709440739,468.3579280358,TRE,ERCO,"Electric Reliability Council of Texas, Inc.","Electric Reliability Council of Texas, Inc."
54097,International Paper Texarkana Mill,TX,INDUSTRIAL,7.0,ST,NG,GAS,85167.0,1516.0,3098.0,529.0,2569.0,3098.0,Mcf,0.235022025,769.6853135813, ,0.235022025,0.2132105824,MRO,SWPP,Southwest Power Pool,Central
54097,International Paper Texarkana Mill,TX,INDUSTRIAL,7.0,ST,BLQ,OTHER,256682417.0,4721774.0,9596586.0,1593581.0,8003005.0,1069615.0,Tons,434.6982210938,769.6853135813, ,434.6982210938,394.3556392033,MRO,SWPP,Southwest Power Pool,Central
54097,International Paper Texarkana Mill,TX,INDUSTRIAL,7.0,ST,WDS,OTHER,129674497.0,2421788.0,4909794.0,805069.0,4104725.0,492244.0,Tons,334.7520704625,769.6853135813, ,334.7520704625,303.6850861494,MRO,SWPP,Southwest Power Pool,Central
54321,Goodyear Beaumont Chemical Plant,TX,INDUSTRIAL,7.0,GT,NG,GAS,148670000.0,1107819.0,2157080.0,679989.0,1477091.0,2122062.0,Mcf,348.018168,794.435293, ,348.018168,315.7200108863,SERC,MISO,"Midcontinent Independent System Operator, Inc.",Midwest
54321,Goodyear Beaumont Chemical Plant,TX,INDUSTRIAL,7.0,ST,NG,GAS,73292856.0,3909979.0,5546738.0,333433.0,5213305.0,5457335.0,Mcf,420.214795,794.435293, ,420.214795,381.2163612447,SERC,MISO,"Midcontinent Independent System Operator, Inc.",Midwest
54321,Goodyear Beaumont Chemical Plant,TX,INDUSTRIAL,7.0,ST,WO,PET,5988144.0,498961.0,692522.0,27243.0,665279.0,119400.0,Barrels,26.20233,794.435293, ,26.20233,23.7705978409,SERC,MISO,"Midcontinent Independent System Operator, Inc.",Midwest
54330,Westhollow Technology Center,TX,INDUSTRIAL,7.0,GT,NG,GAS,4508000.0,4245.0,62321.0,49048.0,13273.0,61098.0,Mcf,10.020072,10.020072, ,10.020072,9.090149687,TRE,ERCO,"Electric Reliability Council of Texas, Inc.","Electric Reliability Council of Texas, Inc."
54338,Rio Grande Valley Sugar Growers,TX,INDUSTRIAL,7.0,IC,DFO,PET,80280.0,544.0,2877.0,1956.0,921.0,494.0,Barrels,4.6039812,164.6495812, ,4.6039812,4.1767043455,TRE,ERCO,"Electric Reliability Council of Texas, Inc.","Electric Reliability Council of Texas, Inc."
54338,Rio Grande Valley Sugar Growers,TX,INDUSTRIAL,7.0,ST,NG,GAS,168353.0,34058.0,60111.0,2385.0,57726.0,59780.0,Mcf,8.3692,164.6495812, ,8.3692,7.5924884333,TRE,ERCO,"Electric Reliability Council of Texas, Inc.","Electric Reliability Council of Texas, Inc."
54338,Rio Grande Valley Sugar Growers,TX,INDUSTRIAL,7.0,ST,AB,OTHER,3496322.0,1019249.0,1786371.0,58831.0,1727540.0,252794.0,Tons,151.6764,164.6495812, ,151.6764,137.5999274245,TRE,ERCO,"Electric Reliability Council of Texas, Inc.","Electric Reliability Council of Texas, Inc."
54364,Works 4,TX,INDUSTRIAL,6.0,IC,DFO,PET,114000.0,0.0,1050.0,1050.0,0.0,180.0,Barrels,1.677564,1.677564, ,1.677564,1.5218760773,TRE,ERCO,"Electric Reliability Council of Texas, Inc.","Electric Reliability Council of Texas, Inc."
54520,Village Creek Water Reclamation Facility,TX,COMMERCIAL,5.0,GT,NG,GAS,24045172.0,8946.0,303110.0,273288.0,29822.0,329827.0,Mcf,54.091628,77.0976392, ,54.091628,49.0716030119,TRE,ERCO,"Electric Reliability Council of Texas, Inc.","Electric Reliability Council of Texas, Inc."
54520,Village Creek Water Reclamation Facility,TX,COMMERCIAL,5.0,GT,LFG,OTHER,8299698.0,453.0,95698.0,94186.0,1512.0,192141.0,Mcf,13.834152,77.0976392, ,13.834152,12.5502603647,TRE,ERCO,"Electric Reliability Council of Texas, Inc.","Electric Reliability Council of Texas, Inc."
54520,Village Creek Water Reclamation Facility,TX,COMMERCIAL,5.0,GT,OBG,OTHER,2806130.0,332.0,32986.0,31884.0,1102.0,58494.0,Mcf,9.1718592,77.0976392, ,9.1718592,8.3206560827,TRE,ERCO,"Electric Reliability Council of Texas, Inc.","Electric Reliability Council of Texas, Inc."
54628,Phelps Dodge Refining,TX,INDUSTRIAL,7.0,GT,NG,GAS,49730100.0,367818.0,772798.0,247345.0,525453.0,757644.0,Mcf,124.253616,124.253616, ,124.253616,112.722140978,WECC,EPE,El Paso Electric Company,Southwest
54637,JCO Oxides Olefins Plant,TX,INDUSTRIAL,7.0,GT,NG,GAS,563341000.0,4005388.0,7141574.0,2315806.0,4825768.0,6981011.0,Mcf,1144.885804,1144.885804, ,1144.885804,1038.6335879525,SERC,MISO,"Midcontinent Independent System Operator, Inc.",Midwest
54676,Oyster Creek Unit VIII,TX,ELECTRIC POWER,3.0,CA,NG,GAS,909572117.0,166964.0,4532474.0,4234325.0,298149.0,4443602.0,Mcf,622.10428,3569.20570582, ,622.10428,564.3693005534,TRE,ERCO,"Electric Reliability Council of Texas, Inc.","Electric Reliability Council of Texas, Inc."
54676,Oyster Creek Unit VIII,TX,ELECTRIC POWER,3.0,CA,OG,OTHER,9965883.0,171365.0,366731.0,60721.0,306010.0,543302.0,Mcf,41.51370582,3569.20570582, ,41.51370582,37.6609868638,TRE,ERCO,"Electric Reliability Council of Texas, Inc.","Electric Reliability Council of Texas, Inc."
54676,Oyster Creek Unit VIII,TX,ELECTRIC POWER,3.0,CT,NG,GAS,1677122000.0,5131294.0,21169283.0,12006259.0,9163024.0,20754198.0,Mcf,2905.58772,3569.20570582, ,2905.58772,2635.9318878708,TRE,ERCO,"Electric Reliability Council of Texas, Inc.","Electric Reliability Council of Texas, Inc."
54748,Port Neches Plant,TX,INDUSTRIAL,7.0,GT,NG,GAS,264252000.0,2488356.0,4238685.0,1128241.0,3110444.0,4509240.0,Mcf,739.51536,739.51536, ,739.51536,670.8839335934,SERC,MISO,"Midcontinent Independent System Operator, Inc.",Midwest
54817,Johnson County,TX,ELECTRIC POWER,1.0,CA,NG,GAS,272707682.0,0.0,142677.0,142677.0,0.0,142974.0,Mcf,3.002454,887.317606,112.891,0.3819940371,0.3465427171,TRE,ERCO,"Electric Reliability Council of Texas, Inc.","Electric Reliability Council of Texas, Inc."
54817,Johnson County,TX,ELECTRIC POWER,1.0,CA,DFO,PET,8318.0,0.0,0.0,0.0,0.0,0.0,Barrels,0.0,887.317606,112.891,0.0,0.0,TRE,ERCO,"Electric Reliability Council of Texas, Inc.","Electric Reliability Council of Texas, Inc."
54817,Johnson County,TX,ELECTRIC POWER,1.0,CT,NG,GAS,517915011.0,0.0,6303579.0,6303579.0,0.0,6316418.0,Mcf,884.29852,887.317606,112.891,112.5068899189,102.0655809842,TRE,ERCO,"Electric Reliability Council of Texas, Inc.","Electric Reliability Council of Texas, Inc."
54817,Johnson County,TX,ELECTRIC POWER,1.0,CT,DFO,PET,15989.0,0.0,194.0,194.0,0.0,33.0,Barrels,0.016632,887.317606,112.891,0.002116044,0.0019196625,TRE,ERCO,"Electric Reliability Council of Texas, Inc.","Electric Reliability Council of Texas, Inc."
55015,Sweeny Cogen Facility,TX,ELECTRIC POWER,3.0,GT,NG,GAS,1704180962.0,13675884.0,27424537.0,8430252.0,18994285.0,26886802.0,Mcf,4409.435528,6990.35796353,640.417,403.9675059944,366.4769173495,TRE,ERCO,"Electric Reliability Council of Texas, Inc.","Electric Reliability Council of Texas, Inc."
55015,Sweeny Cogen Facility,TX,ELECTRIC POWER,3.0,GT,OG,OTHER,1057059038.0,8523035.0,17062538.0,5224987.0,11837551.0,19565783.0,Mcf,2580.92243553,6990.35796353,640.417,236.4494940056,214.5055738053,TRE,ERCO,"Electric Reliability Council of Texas, Inc.","Electric Reliability Council of Texas, Inc."
55025,Yates Gas Plant,TX,INDUSTRIAL,7.0,GT,NG,GAS,10351740.0,60095.0,141376.0,53002.0,88374.0,157082.0,Mcf,25.761448,25.761448, ,25.761448,23.3706323143,TRE,ERCO,"Electric Reliability Council of Texas, Inc.","Electric Reliability Council of Texas, Inc."
55047,Pasadena Cogeneration,TX,ELECTRIC POWER,3.0,CA,NG,GAS,1410577000.0,0.0,0.0,0.0,0.0,0.0,Mcf,0.0,4421.76742,350.714,0.0,0.0,TRE,ERCO,"Electric Reliability Council of Texas, Inc.","Electric Reliability Council of Texas, Inc."
55047,Pasadena Cogeneration,TX,ELECTRIC POWER,3.0,CT,NG,GAS,2844716000.0,1023807.0,32344050.0,30254651.0,2089399.0,31584053.0,Mcf,4421.76742,4421.76742,350.714,350.714,318.1656536333,TRE,ERCO,"Electric Reliability Council of Texas, Inc.","Electric Reliability Council of Texas, Inc."
55052,Jameson Gas Processing Plant,TX,INDUSTRIAL,6.0,IC,NG,GAS,15244000.0,0.0,132734.0,132734.0,0.0,135999.0,Mcf,188.222616,188.222616, ,188.222616,170.7544370861,TRE,ERCO,"Electric Reliability Council of Texas, Inc.","Electric Reliability Council of Texas, Inc."
55053,Bridgeport Gas Processing Plant,TX,INDUSTRIAL,6.0,IC,NG,GAS,51409820.0,0.0,523893.0,523893.0,0.0,529185.0,Mcf,732.39204,732.39204, ,732.39204,664.4217000816,TRE,ERCO,"Electric Reliability Council of Texas, Inc.","Electric Reliability Council of Texas, Inc."
55062,Tenaska Frontier Generation Station,TX,ELECTRIC POWER,2.0,CA,NG,GAS,1670651000.0,0.0,2651928.0,2651928.0,0.0,2592295.0,Mcf,181.46065,3665.78177,586.851,29.0498372775,26.3538394969,SERC,ERCO,"Electric Reliability Council of Texas, Inc.","Electric Reliability Council of Texas, Inc."
55062,Tenaska Frontier Generation Station,TX,ELECTRIC POWER,2.0,CT,NG,GAS,2322770000.0,0.0,25439335.0,25439335.0,0.0,24888008.0,Mcf,3484.32112,3665.78177,586.851,557.8011627225,506.0338952395,SERC,ERCO,"Electric Reliability Council of Texas, Inc.","Electric Reliability Council of Texas, Inc."
55064,Black Hawk Station,TX,ELECTRIC POWER,3.0,GT,NG,GAS,1244967724.0,9729370.0,17487063.0,5475496.0,12011567.0,17495217.0,Mcf,2869.215588,3187.73404815,456.315,410.7199945987,372.602734826,MRO,SWPP,Southwest Power Pool,Central
55064,Black Hawk Station,TX,ELECTRIC POWER,3.0,GT,OG,OTHER,189309276.0,1493788.0,2677818.0,833636.0,1844182.0,2414665.0,Mcf,318.51846015,3187.73404815,456.315,45.5950054013,41.3635175554,MRO,SWPP,Southwest Power Pool,Central
55065,Mustang Station,TX,ELECTRIC POWER,1.0,CA,NG,GAS,711052000.0,0.0,17404.0,17404.0,0.0,17135.0,Mcf,2.3989,2623.93656,301.195,0.275363626,0.2498082427,MRO,SWPP,Southwest Power Pool,Central
55065,Mustang Station,TX,ELECTRIC POWER,1.0,CT,NG,GAS,1708741000.0,0.0,18948379.0,18948379.0,0.0,18725269.0,Mcf,2621.53766,2623.93656,301.195,300.919636374,272.9925032877,MRO,SWPP,Southwest Power Pool,Central
55086,Gregory Power Plant,TX,ELECTRIC POWER,2.0,CA,NG,GAS,80665000.0,0.0,3081.0,3081.0,0.0,3005.0,Mcf,0.21035,474.89029,53.427,0.0236651911,0.0214689205,TRE,ERCO,"Electric Reliability Council of Texas, Inc.","Electric Reliability Council of Texas, Inc."
55086,Gregory Power Plant,TX,ELECTRIC POWER,2.0,CT,NG,GAS,286588000.0,0.0,3504096.0,3504096.0,0.0,3390571.0,Mcf,474.67994,474.89029,53.427,53.4033348089,48.4471875251,TRE,ERCO,"Electric Reliability Council of Texas, Inc.","Electric Reliability Council of Texas, Inc."
55091,Midlothian Energy Facility,TX,ELECTRIC POWER,2.0,CS,NG,GAS,5536838000.0,0.0,42382315.0,42382315.0,0.0,42198870.0,Mcf,5907.8418,5907.8418,314.841,314.841,285.6218815205,TRE,ERCO,"Electric Reliability Council of Texas, Inc.","Electric Reliability Council of Texas, Inc."
55097,Lamar Power Project,TX,ELECTRIC POWER,2.0,CA,NG,GAS,2597492000.0,0.0,1787855.0,1787855.0,0.0,1729067.0,Mcf,121.03469,6663.67443,793.882,14.419561276,13.081340176,TRE,ERCO,"Electric Reliability Council of Texas, Inc.","Electric Reliability Council of Texas, Inc."
55097,Lamar Power Project,TX,ELECTRIC POWER,2.0,CT,NG,GAS,4406795000.0,0.0,48322067.0,48322067.0,0.0,46733141.0,Mcf,6542.63974,6663.67443,793.882,779.462438724,707.1236856791,TRE,ERCO,"Electric Reliability Council of Texas, Inc.","Electric Reliability Council of Texas, Inc."
55104,Sabine Cogen,TX,ELECTRIC POWER,3.0,CA,NG,GAS,85147000.0,3417.0,748139.0,736748.0,11391.0,731611.0,Mcf,10.242554,979.698034,68.162,0.7126205642,0.6464851349,SERC,MISO,"Midcontinent Independent System Operator, Inc.",Midwest
55104,Sabine Cogen,TX,ELECTRIC POWER,3.0,CT,NG,GAS,511143000.0,250657.0,7086268.0,6250755.0,835513.0,6924682.0,Mcf,969.45548,979.698034,68.162,67.4493794358,61.1896756199,SERC,MISO,"Midcontinent Independent System Operator, Inc.",Midwest
55122,NAFTA Region Olefins Complex Cogen Fac,TX,INDUSTRIAL,7.0,GT,NG,GAS,389647020.0,2363360.0,5314240.0,1938012.0,3376228.0,5204937.0,Mcf,853.609668,853.609668, ,853.609668,774.3896108138,SERC,MISO,"Midcontinent Independent System Operator, Inc.",Midwest
55123,Magic Valley Generating Station,TX,ELECTRIC POWER,2.0,CA,NG,GAS,1040032000.0,0.0,165394.0,165394.0,0.0,160577.0,Mcf,2.248078,2792.082678,147.579,0.1188249566,0.1077972935,TRE,ERCO,"Electric Reliability Council of Texas, Inc.","Electric Reliability Council of Texas, Inc."
55123,Magic Valley Generating Station,TX,ELECTRIC POWER,2.0,CT,NG,GAS,1810006000.0,0.0,20525211.0,20525211.0,0.0,19927390.0,Mcf,2789.8346,2792.082678,147.579,147.4601750434,133.7749932354,TRE,ERCO,"Electric Reliability Council of Texas, Inc.","Electric Reliability Council of Texas, Inc."
55132,Tenaska Gateway Generating Station,TX,ELECTRIC POWER,2.0,CA,NG,GAS,1614617000.0,0.0,2555673.0,2555673.0,0.0,2481353.0,Mcf,173.69471,3731.86219,497.964,23.1770918021,21.0261197515,TRE,ERCO,"Electric Reliability Council of Texas, Inc.","Electric Reliability Council of Texas, Inc."
55132,Tenaska Gateway Generating Station,TX,ELECTRIC POWER,2.0,CT,NG,GAS,2289140000.0,0.0,26165986.0,26165986.0,0.0,25415482.0,Mcf,3558.16748,3731.86219,497.964,474.7869081979,430.7238575686,TRE,ERCO,"Electric Reliability Council of Texas, Inc.","Electric Reliability Council of Texas, Inc."
55137,Rio Nogales Power Project,TX,ELECTRIC POWER,1.0,CA,NG,GAS,1547373000.0,0.0,1001672.0,1001672.0,0.0,979785.0,Mcf,68.58495,4032.04305,402.569,6.8476884781,6.2121822354,TRE,ERCO,"Electric Reliability Council of Texas, Inc.","Electric Reliability Council of Texas, Inc."
55137,Rio Nogales Power Project,TX,ELECTRIC POWER,1.0,CT,NG,GAS,2534867990.0,0.0,28717958.0,28717958.0,0.0,28310415.0,Mcf,3963.4581,4032.04305,402.569,395.7213115219,358.9960187988,TRE,ERCO,"Electric Reliability Council of Texas, Inc.","Electric Reliability Council of Texas, Inc."
55139,Wolf Hollow I LP,TX,ELECTRIC POWER,2.0,CA,NG,GAS,825125000.0,0.0,200040.0,200040.0,0.0,196453.0,Mcf,2.750342,2212.756742,190.931,0.237317342,0.2152928803,TRE,ERCO,"Electric Reliability Council of Texas, Inc.","Electric Reliability Council of Texas, Inc."
55139,Wolf Hollow I LP,TX,ELECTRIC POWER,2.0,CT,NG,GAS,1467009000.0,0.0,16060912.0,16060912.0,0.0,15785760.0,Mcf,2210.0064,2212.756742,190.931,190.693682658,172.9961740525,TRE,ERCO,"Electric Reliability Council of Texas, Inc.","Electric Reliability Council of Texas, Inc."
55144,Hays Energy Project,TX,ELECTRIC POWER,2.0,CS,NG,GAS,3119338000.0,0.0,23989759.0,23989759.0,0.0,23626690.0,Mcf,3307.7366,3307.7366,212.847,212.847,193.0935317064,TRE,ERCO,"Electric Reliability Council of Texas, Inc.","Electric Reliability Council of Texas, Inc."
55153,Guadalupe Generating Station,TX,ELECTRIC POWER,2.0,CA,NG,GAS,2073969000.0,0.0,1120112.0,1120112.0,0.0,1106010.0,Mcf,77.4207,5285.8127,686.593,10.0564499145,9.1231515146,TRE,ERCO,"Electric Reliability Council of Texas, Inc.","Electric Reliability Council of Texas, Inc."
55153,Guadalupe Generating Station,TX,ELECTRIC POWER,2.0,CT,NG,GAS,3429152000.0,0.0,37706205.0,37706205.0,0.0,37202800.0,Mcf,5208.392,5285.8127,686.593,676.5365500855,613.749932038,TRE,ERCO,"Electric Reliability Council of Texas, Inc.","Electric Reliability Council of Texas, Inc."
55154,Lost Pines 1 Power Project,TX,ELECTRIC POWER,1.0,CA,NG,GAS,882023000.0,0.0,0.0,0.0,0.0,0.0,Mcf,0.0,2424.1091,166.612,0.0,0.0,TRE,ERCO,"Electric Reliability Council of Texas, Inc.","Electric Reliability Council of Texas, Inc."
55154,Lost Pines 1 Power Project,TX,ELECTRIC POWER,1.0,CT,NG,GAS,1556483000.0,0.0,17730938.0,17730938.0,0.0,17315065.0,Mcf,2424.1091,2424.1091,166.612,166.612,151.1494148598,TRE,ERCO,"Electric Reliability Council of Texas, Inc.","Electric Reliability Council of Texas, Inc."
55168,Bastrop Energy Center,TX,ELECTRIC POWER,2.0,CA,NG,GAS,736242000.0,0.0,1442117.0,1442117.0,0.0,1403397.0,Mcf,98.23779,2399.72873,233.204,9.5466813781,8.6606925321,TRE,ERCO,"Electric Reliability Council of Texas, Inc.","Electric Reliability Council of Texas, Inc."
55168,Bastrop Energy Center,TX,ELECTRIC POWER,2.0,CT,NG,GAS,1574786000.0,0.0,16854049.0,16854049.0,0.0,16439221.0,Mcf,2301.49094,2399.72873,233.204,223.6573186219,202.9005884259,TRE,ERCO,"Electric Reliability Council of Texas, Inc.","Electric Reliability Council of Texas, Inc."
55172,Bosque County Peaking,TX,ELECTRIC POWER,2.0,CA,NG,GAS,1523067000.0,0.0,613682.0,613682.0,0.0,603151.0,Mcf,8.444114,4016.545134,301.389,0.6336199369,0.574816236,TRE,ERCO,"Electric Reliability Council of Texas, Inc.","Electric Reliability Council of Texas, Inc."
55172,Bosque County Peaking,TX,ELECTRIC POWER,2.0,CT,NG,GAS,2733832000.0,0.0,29097922.0,29097922.0,0.0,28629293.0,Mcf,4008.10102,4016.545134,301.389,300.7553800631,272.8434909399,TRE,ERCO,"Electric Reliability Council of Texas, Inc.","Electric Reliability Council of Texas, Inc."
55176,Eastman Cogeneration Facility,TX,ELECTRIC POWER,3.0,CA,NG,GAS,526567410.0,0.0,1606370.0,1606370.0,0.0,1590586.0,Mcf,111.34102,3335.64364,330.133,11.0195659137,9.9968846174,MRO,SWPP,Southwest Power Pool,Central
55176,Eastman Cogeneration Facility,TX,ELECTRIC POWER,3.0,CT,NG,GAS,1945835520.0,6722173.0,23262847.0,12420632.0,10842215.0,23030733.0,Mcf,3224.30262,3335.64364,330.133,319.1134340863,289.4978082975,MRO,SWPP,Southwest Power Pool,Central
55187,Channelview Cogeneration Plant,TX,ELECTRIC POWER,3.0,CA,NG,GAS,783851000.0,0.0,2844757.0,2844757.0,0.0,2775670.0,Mcf,58.28907,7634.46215,314.9,2.4042594989,2.1811299092,TRE,ERCO,"Electric Reliability Council of Texas, Inc.","Electric Reliability Council of Texas, Inc."
55187,Channelview Cogeneration Plant,TX,ELECTRIC POWER,3.0,CT,NG,GAS,4753132000.0,13896619.0,55486909.0,31106876.0,24380033.0,54115522.0,Mcf,7576.17308,7634.46215,314.9,312.4957405011,283.4942760602,TRE,ERCO,"Electric Reliability Council of Texas, Inc.","Electric Reliability Council of Texas, Inc."
55206,Corpus Christi Energy Center,TX,ELECTRIC POWER,3.0,CA,NG,GAS,337022000.0,284708.0,1184249.0,732331.0,451918.0,1165354.0,Mcf,81.57478,2634.18442,354.649,10.9826836468,9.9634252443,TRE,ERCO,"Electric Reliability Council of Texas, Inc.","Electric Reliability Council of Texas, Inc."
55206,Corpus Christi Energy Center,TX,ELECTRIC POWER,3.0,CT,NG,GAS,1654852000.0,5133315.0,18557509.0,10409388.0,8148121.0,18232926.0,Mcf,2552.60964,2634.18442,354.649,343.6663163532,311.772036971,TRE,ERCO,"Electric Reliability Council of Texas, Inc.","Electric Reliability Council of Texas, Inc."
55215,Odessa-Ector Power Plant,TX,ELECTRIC POWER,2.0,CA,NG,GAS,2864880000.0,0.0,5248693.0,5248693.0,0.0,5093180.0,Mcf,713.0452,7085.5855,790.851,79.5858732444,72.1998305764,TRE,ERCO,"Electric Reliability Council of Texas, Inc.","Electric Reliability Council of Texas, Inc."
55215,Odessa-Ector Power Plant,TX,ELECTRIC POWER,2.0,CT,NG,GAS,4502070000.0,0.0,46895939.0,46895939.0,0.0,45518145.0,Mcf,6372.5403,7085.5855,790.851,711.2651267556,645.2554901167,TRE,ERCO,"Electric Reliability Council of Texas, Inc.","Electric Reliability Council of Texas, Inc."
55223,Ennis Power Company LLC,TX,ELECTRIC POWER,2.0,CA,NG,GAS,511807000.0,0.0,0.0,0.0,0.0,0.0,Mcf,0.0,1492.82098,135.318,0.0,0.0,TRE,ERCO,"Electric Reliability Council of Texas, Inc.","Electric Reliability Council of Texas, Inc."
55223,Ennis Power Company LLC,TX,ELECTRIC POWER,2.0,CT,NG,GAS,993168000.0,0.0,10837446.0,10837446.0,0.0,10663007.0,Mcf,1492.82098,1492.82098,135.318,135.318,122.7596842965,TRE,ERCO,"Electric Reliability Council of Texas, Inc.","Electric Reliability Council of Texas, Inc."
55226,Freestone Energy Center,TX,ELECTRIC POWER,2.0,CA,NG,GAS,2657162000.0,0.0,0.0,0.0,0.0,0.0,Mcf,0.0,7298.9749,821.796,0.0,0.0,TRE,ERCO,"Electric Reliability Council of Texas, Inc.","Electric Reliability Council of Texas, Inc."
55226,Freestone Energy Center,TX,ELECTRIC POWER,2.0,CT,NG,GAS,4724369000.0,0.0,52871619.0,52871619.0,0.0,52135535.0,Mcf,7298.9749,7298.9749,821.796,821.796,745.5284405334,TRE,ERCO,"Electric Reliability Council of Texas, Inc.","Electric Reliability Council of Texas, Inc."
55230,Jack County,TX,ELECTRIC POWER,1.0,CA,NG,GAS,1666355000.0,0.0,1584517.0,1584517.0,0.0,1563669.0,Mcf,32.837049,3967.141829,211.024,1.7466996964,1.5845955696,TRE,ERCO,"Electric Reliability Council of Texas, Inc.","Electric Reliability Council of Texas, Inc."
55230,Jack County,TX,ELECTRIC POWER,1.0,CT,NG,GAS,2400369000.0,0.0,28485816.0,28485816.0,0.0,28102177.0,Mcf,3934.30478,3967.141829,211.024,209.2773003036,189.8551213859,TRE,ERCO,"Electric Reliability Council of Texas, Inc.","Electric Reliability Council of Texas, Inc."
55299,Channel Energy Center LLC,TX,ELECTRIC POWER,3.0,CA,NG,GAS,739219185.0,0.0,509024.0,509024.0,0.0,490538.0,Mcf,6.88236325,5196.6827759596,153.299,0.2030255548,0.1841835751,TRE,ERCO,"Electric Reliability Council of Texas, Inc.","Electric Reliability Council of Texas, Inc."
55299,Channel Energy Center LLC,TX,ELECTRIC POWER,3.0,CA,OG,OTHER,95306815.0,154879.0,536149.0,308385.0,227764.0,863364.0,Mcf,6.6175233896,5196.6827759596,153.299,0.1952129391,0.1770960166,TRE,ERCO,"Electric Reliability Council of Texas, Inc.","Electric Reliability Council of Texas, Inc."
55299,Channel Energy Center LLC,TX,ELECTRIC POWER,3.0,CT,NG,GAS,2994194777.0,11262881.0,35653776.0,19090716.0,16563060.0,34442450.0,Mcf,4821.943,5196.6827759596,153.299,142.2444031752,129.0432760366,TRE,ERCO,"Electric Reliability Council of Texas, Inc.","Electric Reliability Council of Texas, Inc."
55299,Channel Energy Center LLC,TX,ELECTRIC POWER,3.0,CT,OG,OTHER,347523223.0,1435816.0,4127889.0,2016396.0,2111493.0,4727652.0,Mcf,361.23988932,5196.6827759596,153.299,10.6563583309,9.6673848598,TRE,ERCO,"Electric Reliability Council of Texas, Inc.","Electric Reliability Council of Texas, Inc."
55309,Air Products Port Arthur,TX,INDUSTRIAL,7.0,GT,NG,GAS,926535000.0,1082726.0,8321695.0,6198701.0,2122994.0,8150533.0,Mcf,1336.687412,1364.989346931, ,1336.687412,1212.6348652817,SERC,MISO,"Midcontinent Independent System Operator, Inc.",Midwest
55309,Air Products Port Arthur,TX,INDUSTRIAL,7.0,ST,NG,GAS,64070264.0,401795.0,1216477.0,428643.0,787834.0,1212881.0,Mcf,16.980334,1364.989346931, ,16.980334,15.4044579516,SERC,MISO,"Midcontinent Independent System Operator, Inc.",Midwest
55309,Air Products Port Arthur,TX,INDUSTRIAL,7.0,ST,OG,OTHER,63172736.0,361329.0,1131130.0,422638.0,708492.0,1481691.0,Mcf,11.321600931,1364.989346931, ,11.321600931,10.2708889876,SERC,MISO,"Midcontinent Independent System Operator, Inc.",Midwest
55311,BASF Freeport Works,TX,INDUSTRIAL,7.0,GT,NG,GAS,527210000.0,2629326.0,6860840.0,2815725.0,4045115.0,6616045.0,Mcf,1085.03138,1090.26262, ,1085.03138,984.3340107049,TRE,ERCO,"Electric Reliability Council of Texas, Inc.","Electric Reliability Council of Texas, Inc."
55311,BASF Freeport Works,TX,INDUSTRIAL,7.0,ST,NG,GAS,48804000.0,14843.0,76661.0,53825.0,22836.0,74732.0,Mcf,5.23124,1090.26262, ,5.23124,4.7457497959,TRE,ERCO,"Electric Reliability Council of Texas, Inc.","Electric Reliability Council of Texas, Inc."
55313,Ingleside Cogeneration,TX,INDUSTRIAL,7.0,CA,NG,GAS,688181158.0,0.0,363719.0,363719.0,0.0,353124.0,Mcf,49.43736,3962.80482913, ,49.43736,44.8492787807,TRE,ERCO,"Electric Reliability Council of Texas, Inc.","Electric Reliability Council of Texas, Inc."
55313,Ingleside Cogeneration,TX,INDUSTRIAL,7.0,CA,OG,OTHER,44705842.0,992214.0,1683671.0,224533.0,1459138.0,5538393.0,Mcf,423.18860913,3962.80482913, ,423.18860913,383.9141877257,TRE,ERCO,"Electric Reliability Council of Texas, Inc.","Electric Reliability Council of Texas, Inc."
55313,Ingleside Cogeneration,TX,INDUSTRIAL,7.0,CT,NG,GAS,2263089000.0,7309760.0,25677747.0,14928100.0,10749647.0,24929849.0,Mcf,3490.17886,3962.80482913, ,3490.17886,3166.2694910641,TRE,ERCO,"Electric Reliability Council of Texas, Inc.","Electric Reliability Council of Texas, Inc."
55320,Wise County Power LLC,TX,ELECTRIC POWER,2.0,CA,NG,GAS,1053466000.0,0.0,527559.0,527559.0,0.0,529549.0,Mcf,7.413686,2826.041526,199.644,0.5237353783,0.4751296184,TRE,ERCO,"Electric Reliability Council of Texas, Inc.","Electric Reliability Council of Texas, Inc."
55320,Wise County Power LLC,TX,ELECTRIC POWER,2.0,CT,NG,GAS,1787668000.0,0.0,20095939.0,20095939.0,0.0,20133056.0,Mcf,2818.62784,2826.041526,199.644,199.1202646217,180.6407190617,TRE,ERCO,"Electric Reliability Council of Texas, Inc.","Electric Reliability Council of Texas, Inc."
55327,Baytown Energy Center,TX,ELECTRIC POWER,3.0,CA,NG,GAS,1389655000.0,0.0,803867.0,803867.0,0.0,784258.0,Mcf,16.469418,5094.411378,179.879,0.5815200659,0.5275515431,TRE,ERCO,"Electric Reliability Council of Texas, Inc.","Electric Reliability Council of Texas, Inc."
55327,Baytown Energy Center,TX,ELECTRIC POWER,3.0,CT,NG,GAS,3332275000.0,3473917.0,37177789.0,30623229.0,6554560.0,36271014.0,Mcf,5077.94196,5094.411378,179.879,179.2974799341,162.6576067623,TRE,ERCO,"Electric Reliability Council of Texas, Inc.","Electric Reliability Council of Texas, Inc."
55357,Jack Fusco Energy Center,TX,ELECTRIC POWER,2.0,CA,NG,GAS,900461000.0,0.0,842118.0,842118.0,0.0,812581.0,Mcf,8.703198,2285.809218,115.686,0.4404734025,0.3995948494,TRE,MISO,"Midcontinent Independent System Operator, Inc.",Midwest
55357,Jack Fusco Energy Center,TX,ELECTRIC POWER,2.0,CT,NG,GAS,1440953000.0,0.0,16788239.0,16788239.0,0.0,16265043.0,Mcf,2277.10602,2285.809218,115.686,115.2455265975,104.5500558808,TRE,MISO,"Midcontinent Independent System Operator, Inc.",Midwest
55358,Cottonwood Energy Project,TX,ELECTRIC POWER,2.0,CA,NG,GAS,2750653000.0,0.0,3938373.0,3938373.0,0.0,3805637.0,Mcf,79.918377,6672.666497,285.452,3.4188522027,3.1015623721,SERC,MISO,"Midcontinent Independent System Operator, Inc.",Midwest
55358,Cottonwood Energy Project,TX,ELECTRIC POWER,2.0,CT,NG,GAS,4495960000.0,0.0,48754202.0,48754202.0,0.0,47091058.0,Mcf,6592.74812,6672.666497,285.452,282.0331477973,255.858793248,SERC,MISO,"Midcontinent Independent System Operator, Inc.",Midwest
55365,Exelon LaPorte Generating Station,TX,ELECTRIC POWER,2.0,GT,NG,GAS,108099000.0,0.0,1190082.0,1190082.0,0.0,1149838.0,Mcf,188.573432,188.573432,123.652,123.652,112.1763585231,TRE,ERCO,"Electric Reliability Council of Texas, Inc.","Electric Reliability Council of Texas, Inc."
55390,State Farm Insur Support Center Central,TX,COMMERCIAL,4.0,IC,DFO,PET,26000.0,0.0,359.0,359.0,0.0,62.0,Barrels,0.5778276,0.5778276, ,0.5778276,0.52420176,TRE,ERCO,"Electric Reliability Council of Texas, Inc.","Electric Reliability Council of Texas, Inc."
55464,Deer Park Energy Center,TX,ELECTRIC POWER,3.0,CA,NG,GAS,1040449000.0,735038.0,7322854.0,5961673.0,1361181.0,7149959.0,Mcf,150.149139,9104.753959,281.364,4.640055353,4.2094306024,TRE,ERCO,"Electric Reliability Council of Texas, Inc.","Electric Reliability Council of Texas, Inc."
55464,Deer Park Energy Center,TX,ELECTRIC POWER,3.0,CT,NG,GAS,5769021000.0,14543779.0,65530154.0,38597228.0,26932926.0,63961463.0,Mcf,8954.60482,9104.753959,281.364,276.723944647,251.0423157461,TRE,ERCO,"Electric Reliability Council of Texas, Inc.","Electric Reliability Council of Texas, Inc."
55470,Green Power 2,TX,INDUSTRIAL,7.0,CA,NG,GAS,378801007.0,205741.0,551231.0,261456.0,289775.0,540678.0,Mcf,11.354238,5489.9878772285,299.973,0.6203956933,0.5628192809,TRE,ERCO,"Electric Reliability Council of Texas, Inc.","Electric Reliability Council of Texas, Inc."
55470,Green Power 2,TX,INDUSTRIAL,7.0,CA,OG,OTHER,59575993.0,4136680.0,6118705.0,292394.0,5826311.0,5762059.0,Mcf,66.0418392285,5489.9878772285,299.973,3.6085268459,3.2736340796,TRE,ERCO,"Electric Reliability Council of Texas, Inc.","Electric Reliability Council of Texas, Inc."
55470,Green Power 2,TX,INDUSTRIAL,7.0,CT,NG,GAS,3572204000.0,14175981.0,39481721.0,19515551.0,19966170.0,38661370.0,Mcf,5412.5918,5489.9878772285,299.973,295.7440774607,268.2972670423,TRE,ERCO,"Electric Reliability Council of Texas, Inc.","Electric Reliability Council of Texas, Inc."
55480,Forney Energy Center,TX,ELECTRIC POWER,2.0,CA,NG,GAS,4218384000.0,0.0,7417166.0,7417166.0,0.0,7187176.0,Mcf,503.10232,10054.57726,1248.516,62.4721736095,56.6743841146,TRE,ERCO,"Electric Reliability Council of Texas, Inc.","Electric Reliability Council of Texas, Inc."
55480,Forney Energy Center,TX,ELECTRIC POWER,2.0,CT,NG,GAS,6308335000.0,0.0,70408014.0,70408014.0,0.0,68224821.0,Mcf,9551.47494,10054.57726,1248.516,1186.0438263905,1075.9719009258,TRE,ERCO,"Electric Reliability Council of Texas, Inc.","Electric Reliability Council of Texas, Inc."
55545,Hidalgo Energy Center,TX,ELECTRIC POWER,2.0,CA,NG,GAS,990606000.0,0.0,0.0,0.0,0.0,0.0,Mcf,0.0,2795.62052, ,0.0,0.0,TRE,ERCO,"Electric Reliability Council of Texas, Inc.","Electric Reliability Council of Texas, Inc."
55545,Hidalgo Energy Center,TX,ELECTRIC POWER,2.0,CT,NG,GAS,1731547000.0,0.0,20546899.0,20546899.0,0.0,19968718.0,Mcf,2795.62052,2795.62052, ,2795.62052,2536.1702984668,TRE,ERCO,"Electric Reliability Council of Texas, Inc.","Electric Reliability Council of Texas, Inc."
55554,Coastal Plains,TX,ELECTRIC POWER,2.0,IC,LFG,OTHER,7340237.0,0.0,101454.0,101454.0,0.0,194157.0,Mcf,117.97173477,117.97173477, ,117.97173477,107.0232557108,TRE,ERCO,"Electric Reliability Council of Texas, Inc.","Electric Reliability Council of Texas, Inc."
55556,Security,TX,ELECTRIC POWER,2.0,IC,LFG,OTHER,15330000.0,0.0,214610.0,214610.0,0.0,390199.0,Mcf,237.08881439,237.08881439, ,237.08881439,215.0855614533,SERC,MISO,"Midcontinent Independent System Operator, Inc.",Midwest
55664,Harrison County Power Project,TX,ELECTRIC POWER,1.0,CA,NG,GAS,994943000.0,0.0,696995.0,696995.0,0.0,682290.0,Mcf,14.32809,2538.91225,146.089,0.8244382373,0.7479254625,MRO,SWPP,Southwest Power Pool,Central
55664,Harrison County Power Project,TX,ELECTRIC POWER,1.0,CT,NG,GAS,1617619000.0,0.0,18417059.0,18417059.0,0.0,18032744.0,Mcf,2524.58416,2538.91225,146.089,145.2645617627,131.7831459337,MRO,SWPP,Southwest Power Pool,Central
55708,Nacogdoches Power,TX,ELECTRIC POWER,1.0,ST,WDS,OTHER,71646000.0,0.0,1465893.0,1465893.0,0.0,124592.0,Tons,56.0664,56.0664,45.362,45.362,41.152136442,TRE,ERCO,"Electric Reliability Council of Texas, Inc.","Electric Reliability Council of Texas, Inc."
56113,Tessman Road,TX,ELECTRIC POWER,2.0,IC,LFG,OTHER,34439000.0,0.0,426120.0,426120.0,0.0,852236.0,Mcf,517.82711596,517.82711596, ,517.82711596,469.7696779098,TRE,ERCO,"Electric Reliability Council of Texas, Inc.","Electric Reliability Council of Texas, Inc."
56152,Freeport Energy Center,TX,INDUSTRIAL,7.0,CA,NG,GAS,194135800.0,0.0,0.0,0.0,0.0,0.0,Mcf,0.0,1268.08416, ,0.0,0.0,TRE,ERCO,"Electric Reliability Council of Texas, Inc.","Electric Reliability Council of Texas, Inc."
56152,Freeport Energy Center,TX,INDUSTRIAL,7.0,CT,NG,GAS,849320360.0,2872526.0,9329477.0,5225871.0,4103606.0,9057744.0,Mcf,1268.08416,1268.08416, ,1268.08416,1150.3984033385,TRE,ERCO,"Electric Reliability Council of Texas, Inc.","Electric Reliability Council of Texas, Inc."
56233,EG178 Facility,TX,INDUSTRIAL,6.0,CA,NG,GAS,27528000.0,0.0,0.0,0.0,0.0,0.0,Mcf,0.0,866.14234, ,0.0,0.0,TRE,ERCO,"Electric Reliability Council of Texas, Inc.","Electric Reliability Council of Texas, Inc."
56233,EG178 Facility,TX,INDUSTRIAL,6.0,CT,NG,GAS,621213000.0,0.0,5915864.0,5915864.0,0.0,6186731.0,Mcf,866.14234,866.14234, ,866.14234,785.7591762678,TRE,ERCO,"Electric Reliability Council of Texas, Inc.","Electric Reliability Council of Texas, Inc."
56326,Mustang Station Unit 4,TX,ELECTRIC POWER,1.0,GT,NG,GAS,1757444000.0,0.0,19333757.0,19333757.0,0.0,19123401.0,Mcf,3136.237764,3136.237764,270.706,270.706,245.5828721764,MRO,SWPP,Southwest Power Pool,Central
56349,Quail Run Energy Center,TX,ELECTRIC POWER,2.0,CA,NG,GAS,831073000.0,0.0,1464143.0,1464143.0,0.0,1406955.0,Mcf,19.69737,2366.69601,154.307,1.2842553753,1.1650688336,TRE,ERCO,"Electric Reliability Council of Texas, Inc.","Electric Reliability Council of Texas, Inc."
56349,Quail Run Energy Center,TX,ELECTRIC POWER,2.0,CT,NG,GAS,1370996000.0,0.0,17432398.0,17432398.0,0.0,16764276.0,Mcf,2346.99864,2366.69601,154.307,153.0227446247,138.8213232556,TRE,ERCO,"Electric Reliability Council of Texas, Inc.","Electric Reliability Council of Texas, Inc."
56350,Colorado Bend Energy Center,TX,ELECTRIC POWER,2.0,CA,NG,GAS,867309000.0,0.0,572784.0,572784.0,0.0,567096.0,Mcf,43.666392,2386.515292,116.865,2.1382946584,1.9398481887,TRE,ERCO,"Electric Reliability Council of Texas, Inc.","Electric Reliability Council of Texas, Inc."
56350,Colorado Bend Energy Center,TX,ELECTRIC POWER,2.0,CT,NG,GAS,1243156000.0,0.0,16906011.0,16906011.0,0.0,16734635.0,Mcf,2342.8489,2386.515292,116.865,114.7267053416,104.0793843251,TRE,ERCO,"Electric Reliability Council of Texas, Inc.","Electric Reliability Council of Texas, Inc."
56374,Robert Mueller Energy Center,TX,ELECTRIC POWER,1.0,GT,NG,GAS,27532000.0,20473.0,386501.0,318261.0,68240.0,381542.0,Mcf,62.572888,62.8804414, ,62.572888,56.7657516103,TRE,ERCO,"Electric Reliability Council of Texas, Inc.","Electric Reliability Council of Texas, Inc."
56374,Robert Mueller Energy Center,TX,ELECTRIC POWER,1.0,IC,DFO,PET,23000.0,0.0,195.0,195.0,0.0,33.0,Barrels,0.3075534,62.8804414, ,0.3075534,0.2790106142,TRE,ERCO,"Electric Reliability Council of Texas, Inc.","Electric Reliability Council of Texas, Inc."
56524,Austin Gas Recovery,TX,ELECTRIC POWER,2.0,IC,LFG,OTHER,34976000.0,0.0,409207.0,409207.0,0.0,835116.0,Mcf,507.42483276,507.42483276, ,507.42483276,460.3327884968,TRE,ERCO,"Electric Reliability Council of Texas, Inc.","Electric Reliability Council of Texas, Inc."
56528,Skyline Gas Recovery,TX,ELECTRIC POWER,2.0,IC,LFG,OTHER,38959000.0,0.0,421985.0,421985.0,0.0,805318.0,Mcf,489.31926998,489.31926998, ,489.31926998,443.9075296925,TRE,ERCO,"Electric Reliability Council of Texas, Inc.","Electric Reliability Council of Texas, Inc."
56603,San Jacinto County Peaking Facility,TX,ELECTRIC POWER,1.0,GT,NG,GAS,155543000.0,0.0,1938007.0,1938007.0,0.0,1920720.0,Mcf,314.99808,314.99808,25.984,25.984,23.5725301642,SERC,MISO,"Midcontinent Independent System Operator, Inc.",Midwest
56604,Hardin County Peaking Facility,TX,ELECTRIC POWER,1.0,GT,NG,GAS,38841000.0,0.0,493691.0,493691.0,0.0,534298.0,Mcf,87.624872,87.624872,8.004,8.004,7.2611811667,SERC,MISO,"Midcontinent Independent System Operator, Inc.",Midwest
56611,Sandy Creek Energy Station,TX,ELECTRIC POWER,2.0,ST,SUB,COAL,5026547000.0,0.0,47830887.0,47830887.0,0.0,2747919.0,Tons,3297.5028,3297.5028,1146.572,1146.572,1040.1632949288,TRE,ERCO,"Electric Reliability Council of Texas, Inc.","Electric Reliability Council of Texas, Inc."
56674,Winchester Power Park,TX,ELECTRIC POWER,1.0,GT,NG,GAS,46123000.0,0.0,469092.0,469092.0,0.0,459894.0,Mcf,75.422616,75.422616,1.857,1.857,1.6846593486,TRE,ERCO,"Electric Reliability Council of Texas, Inc.","Electric Reliability Council of Texas, Inc."
56708,CFB Power Plant,TX,INDUSTRIAL,6.0,ST,NG,GAS,948355000.0,0.0,11823125.0,11823125.0,0.0,11524048.0,Mcf,332.756886,332.756886, ,332.756886,301.8750666788,TRE,ERCO,"Electric Reliability Council of Texas, Inc.","Electric Reliability Council of Texas, Inc."
56806,Cedar Bayou 4,TX,ELECTRIC POWER,2.0,CA,NG,GAS,206454000.0,0.0,0.0,0.0,0.0,0.0,Mcf,0.0,661.08,69.345,0.0,0.0,TRE,ERCO,"Electric Reliability Council of Texas, Inc.","Electric Reliability Council of Texas, Inc."
56806,Cedar Bayou 4,TX,ELECTRIC POWER,2.0,CT,NG,GAS,412178000.0,0.0,4875388.0,4875388.0,0.0,4722000.0,Mcf,661.08,661.08,69.345,69.345,62.9093713145,TRE,ERCO,"Electric Reliability Council of Texas, Inc.","Electric Reliability Council of Texas, Inc."
56864,Covel Gardens Gas Recovery,TX,ELECTRIC POWER,2.0,IC,LFG,OTHER,59185000.0,0.0,674879.0,674879.0,0.0,1349752.0,Mcf,820.12281272,820.12281272, ,820.12281272,744.0105349905,TRE,ERCO,"Electric Reliability Council of Texas, Inc.","Electric Reliability Council of Texas, Inc."
57020,Westside Landfill Gas Recovery,TX,ELECTRIC POWER,2.0,IC,LFG,OTHER,24353000.0,0.0,271781.0,271781.0,0.0,470209.0,Mcf,285.70369049,285.70369049, ,285.70369049,259.1886877347,TRE,ERCO,"Electric Reliability Council of Texas, Inc.","Electric Reliability Council of Texas, Inc."
57071,Denton Power LLC,TX,ELECTRIC POWER,2.0,IC,LFG,OTHER,12383000.0,0.0,129130.0,129130.0,0.0,239572.0,Mcf,145.56634292,145.56634292, ,145.56634292,132.0569200036,TRE,ERCO,"Electric Reliability Council of Texas, Inc.","Electric Reliability Council of Texas, Inc."
57165,Farmers Branch Renewable Energy Facility,TX,ELECTRIC POWER,2.0,IC,LFG,OTHER,26148000.0,0.0,298753.0,298753.0,0.0,536361.0,Mcf,325.89830721,325.89830721, ,325.89830721,295.6530048172,TRE,ERCO,"Electric Reliability Council of Texas, Inc.","Electric Reliability Council of Texas, Inc."
57167,Mesquite Creek LFGTE Project,TX,ELECTRIC POWER,2.0,IC,LFG,OTHER,24377000.0,0.0,276070.0,276070.0,0.0,537100.0,Mcf,326.347331,326.347331, ,326.347331,296.0603565273,TRE,ERCO,"Electric Reliability Council of Texas, Inc.","Electric Reliability Council of Texas, Inc."
57322,Mont Belvieu Cogeneration Unit,TX,INDUSTRIAL,7.0,GT,NG,GAS,94057460.0,1173905.0,1975495.0,430885.0,1544610.0,1975495.0,Mcf,323.98118,323.98118, ,323.98118,293.9137984215,TRE,ERCO,"Electric Reliability Council of Texas, Inc.","Electric Reliability Council of Texas, Inc."
57504,TECO CHP-1,TX,COMMERCIAL,5.0,GT,NG,GAS,70539000.0,257381.0,742764.0,364262.0,378502.0,721131.0,Mcf,118.265484,118.265484, ,118.265484,107.2897432641,TRE,ERCO,"Electric Reliability Council of Texas, Inc.","Electric Reliability Council of Texas, Inc."
57865,Antelope Station,TX,ELECTRIC POWER,1.0,IC,NG,GAS,367178000.0,0.0,3166700.0,3166700.0,0.0,3113768.0,Mcf,4309.454912,4309.454912,124.738,124.738,113.1615712601,MRO,SWPP,Southwest Power Pool,Central
57952,Woodall Gas Plant,TX,INDUSTRIAL,6.0,IC,NG,GAS,25255580.0,0.0,352626.0,352626.0,0.0,332980.0,Mcf,460.84432,460.84432, ,460.84432,418.0752245305,MRO,SWPP,Southwest Power Pool,Central
58001,Panda Temple Power Station,TX,ELECTRIC POWER,2.0,CA,NG,GAS,2051519000.0,0.0,3708155.0,3708155.0,0.0,3636284.0,Mcf,50.907976,4168.251556,137.515,1.6795076366,1.5236393329,TRE,ERCO,"Electric Reliability Council of Texas, Inc.","Electric Reliability Council of Texas, Inc."
58001,Panda Temple Power Station,TX,ELECTRIC POWER,2.0,CT,NG,GAS,2586995000.0,0.0,29990755.0,29990755.0,0.0,29409597.0,Mcf,4117.34358,4168.251556,137.515,135.8354923634,123.2291502888,TRE,ERCO,"Electric Reliability Council of Texas, Inc.","Electric Reliability Council of Texas, Inc."
58005,Panda Sherman Power Station,TX,ELECTRIC POWER,2.0,CA,NG,GAS,1388626000.0,0.0,2266909.0,2266909.0,0.0,2232253.0,Mcf,39.047288,2915.554908,79.39,1.0632501504,0.9645742088,TRE,ERCO,"Electric Reliability Council of Texas, Inc.","Electric Reliability Council of Texas, Inc."
58005,Panda Sherman Power Station,TX,ELECTRIC POWER,2.0,CT,NG,GAS,1815965000.0,0.0,20862317.0,20862317.0,0.0,20546483.0,Mcf,2876.50762,2915.554908,79.39,78.3267498496,71.057561326,TRE,ERCO,"Electric Reliability Council of Texas, Inc.","Electric Reliability Council of Texas, Inc."
58069,PRSI FCC Generator,TX,INDUSTRIAL,7.0,ST,PC,PET,628560.0,487648.0,1224646.0,5525.0,1219121.0,47138.0,Tons,494.949,494.949, ,494.949,449.014787263,TRE,ERCO,"Electric Reliability Council of Texas, Inc.","Electric Reliability Council of Texas, Inc."
58151,Central Utility Plant - Texas A&M,TX,COMMERCIAL,5.0,CA,NG,GAS,33074873.0,169675.0,426734.0,161617.0,265117.0,425245.0,Mcf,13.883884,255.8479224, ,13.883884,12.5953769391,TRE,ERCO,"Electric Reliability Council of Texas, Inc.","Electric Reliability Council of Texas, Inc."
58151,Central Utility Plant - Texas A&M,TX,COMMERCIAL,5.0,CA,DFO,PET,157327.0,7068.0,11910.0,865.0,11045.0,2040.0,Barrels,0.3110184,255.8479224, ,0.3110184,0.2821540415,TRE,ERCO,"Electric Reliability Council of Texas, Inc.","Electric Reliability Council of Texas, Inc."
58151,Central Utility Plant - Texas A&M,TX,COMMERCIAL,5.0,CT,NG,GAS,163383890.0,522806.0,1735030.0,918148.0,816882.0,1726093.0,Mcf,241.65302,255.8479224, ,241.65302,219.2261816202,TRE,ERCO,"Electric Reliability Council of Texas, Inc.","Electric Reliability Council of Texas, Inc."
58378,W.A. Parish Carbon Capture Plant,TX,ELECTRIC POWER,2.0,GT,NG,GAS,343230000.0,0.0,7476407.0,7476407.0,0.0,7216609.0,Mcf,1183.523876,1183.523876,23.684,23.684,21.4859838519,TRE,ERCO,"Electric Reliability Council of Texas, Inc.","Electric Reliability Council of Texas, Inc."
58471,Ector County Energy Center,TX,ELECTRIC POWER,2.0,GT,NG,GAS,516390000.0,0.0,6029953.0,6029953.0,0.0,5635469.0,Mcf,924.216916,924.216916,98.608,98.608,89.4565907648,TRE,ERCO,"Electric Reliability Council of Texas, Inc.","Electric Reliability Council of Texas, Inc."
58562,Montana Power Station,TX,ELECTRIC POWER,1.0,GT,NG,GAS,1051520057.0,0.0,9940395.0,9940395.0,0.0,9622840.0,Mcf,1578.14576,1578.437828,56.398,56.3875643333,51.1544627899,WECC,EPE,El Paso Electric Company,Southwest
58562,Montana Power Station,TX,ELECTRIC POWER,1.0,GT,DFO,PET,69943.0,0.0,663.0,663.0,0.0,114.0,Barrels,0.292068,1578.437828,56.398,0.0104356667,0.0094671747,WECC,EPE,El Paso Electric Company,Southwest
58835,Elk Station,TX,ELECTRIC POWER,1.0,GT,NG,GAS,1104875000.0,0.0,11508794.0,11508794.0,0.0,11305299.0,Mcf,1854.069036,1854.069036, ,1854.069036,1682.0003955366,MRO,SWPP,Southwest Power Pool,Central
58946,Ameresco Dallas LLC,TX,ELECTRIC POWER,2.0,IC,LFG,OTHER,26799000.0,0.0,288852.0,288852.0,0.0,454887.0,Mcf,276.39389007,276.39389007, ,276.39389007,250.7428921981,TRE,ERCO,"Electric Reliability Council of Texas, Inc.","Electric Reliability Council of Texas, Inc."
59145,Freeport LP Pretreatment Facility,TX,INDUSTRIAL,7.0,GT,NG,GAS,8181000.0,39410.0,1622694.0,1491328.0,131366.0,1642403.0,Mcf,269.354092,269.354092, ,269.354092,244.3564292842,TRE,ERCO,"Electric Reliability Council of Texas, Inc.","Electric Reliability Council of Texas, Inc."
59381,"The Methodist Hospital, Gas Turbine",TX,COMMERCIAL,5.0,GT,NG,GAS,28504280.0,0.0,263817.0,263817.0,0.0,258645.0,Mcf,42.41778,42.41778, ,42.41778,38.4811575796,TRE,ERCO,"Electric Reliability Council of Texas, Inc.","Electric Reliability Council of Texas, Inc."
59391,Red Gate Power Plant,TX,ELECTRIC POWER,1.0,IC,NG,GAS,434521000.0,0.0,3881885.0,3881885.0,0.0,3770598.0,Mcf,5218.507632,5218.507632, ,5218.507632,4734.1990674045,TRE,ERCO,"Electric Reliability Council of Texas, Inc.","Electric Reliability Council of Texas, Inc."
59649,Nelson Gardens Landfill Gas to Energy,TX,ELECTRIC POWER,2.0,IC,LFG,OTHER,15018000.0,0.0,232588.0,232588.0,0.0,588832.0,Mcf,357.78021152,357.78021152, ,357.78021152,324.5760786719,TRE,ERCO,"Electric Reliability Council of Texas, Inc.","Electric Reliability Council of Texas, Inc."
59812,Wolf Hollow II,TX,ELECTRIC POWER,2.0,CA,NG,GAS,2168604000.0,0.0,15290243.0,15290243.0,0.0,14773183.0,Mcf,206.824562,4241.345402,99.987,4.8757565161,4.4232572948,TRE,ERCO,"Electric Reliability Council of Texas, Inc.","Electric Reliability Council of Texas, Inc."
59812,Wolf Hollow II,TX,ELECTRIC POWER,2.0,CT,NG,GAS,4230445000.0,0.0,29826636.0,29826636.0,0.0,28818006.0,Mcf,4034.52084,4241.345402,99.987,95.1112434839,86.2843540633,TRE,ERCO,"Electric Reliability Council of Texas, Inc.","Electric Reliability Council of Texas, Inc."
59938,Sky Global Power One,TX,ELECTRIC POWER,2.0,IC,NG,GAS,26500000.0,0.0,271370.0,271370.0,0.0,258446.0,Mcf,357.689264,357.689264, ,357.689264,324.493571623,TRE,ERCO,"Electric Reliability Council of Texas, Inc.","Electric Reliability Council of Texas, Inc."
60122,Colorado Bend II,TX,ELECTRIC POWER,2.0,CA,NG,GAS,2104363000.0,0.0,14345981.0,14345981.0,0.0,13936414.0,Mcf,1951.09796,5675.30894,96.575,33.2012384663,30.1199659497,TRE,ERCO,"Electric Reliability Council of Texas, Inc.","Electric Reliability Council of Texas, Inc."
60122,Colorado Bend II,TX,ELECTRIC POWER,2.0,CT,NG,GAS,4000114000.0,0.0,27384539.0,27384539.0,0.0,26601507.0,Mcf,3724.21098,5675.30894,96.575,63.3737615337,57.4922993139,TRE,ERCO,"Electric Reliability Council of Texas, Inc.","Electric Reliability Council of Texas, Inc."
60264,Bacliff,TX,ELECTRIC POWER,2.0,GT,NG,GAS,160376000.0,0.0,2121097.0,2121097.0,0.0,2079508.0,Mcf,341.039312,341.039312,120.65,120.65,109.4529619886,TRE,ERCO,"Electric Reliability Council of Texas, Inc.","Electric Reliability Council of Texas, Inc."
60459,Port Comfort Power LLC,TX,ELECTRIC POWER,2.0,GT,NG,GAS,56528000.0,0.0,601559.0,601559.0,0.0,585744.0,Mcf,96.062016,96.062016,6.789,6.789,6.1589403974,TRE,ERCO,"Electric Reliability Council of Texas, Inc.","Electric Reliability Council of Texas, Inc."
60460,Chamon Power LLC,TX,ELECTRIC POWER,2.0,GT,NG,GAS,61604000.0,0.0,646163.0,646163.0,0.0,633493.0,Mcf,103.892852,103.892852,6.008,6.008,5.4504218452,TRE,ERCO,"Electric Reliability Council of Texas, Inc.","Electric Reliability Council of Texas, Inc."
60468,Friendswood Energy,TX,ELECTRIC POWER,2.0,GT,NG,GAS,70635000.0,0.0,896910.0,896910.0,0.0,747425.0,Mcf,122.5777,122.5777,7.541,7.541,6.8411503221,TRE,ERCO,"Electric Reliability Council of Texas, Inc.","Electric Reliability Council of Texas, Inc."
60910,NET Power La Porte Station,TX,ELECTRIC POWER,2.0,GT,NG,GAS,-9903000.0,0.0,0.0,0.0,0.0,0.0,Mcf,0.0,0.0, ,0.0,0.0,TRE,ERCO,"Electric Reliability Council of Texas, Inc.","Electric Reliability Council of Texas, Inc."
61241,Victoria City Power LLC,TX,ELECTRIC POWER,2.0,GT,NG,GAS,1317000.0,0.0,17181.0,17181.0,0.0,16348.0,Mcf,2.681072,2.681072, ,2.681072,2.4322525628,TRE,ERCO,"Electric Reliability Council of Texas, Inc.","Electric Reliability Council of Texas, Inc."
61242,Victoria Port Power LLC,TX,ELECTRIC POWER,2.0,GT,NG,GAS,43958000.0,0.0,459576.0,459576.0,0.0,437275.0,Mcf,71.7131,71.7131,43.901,43.901,39.8267259367,TRE,ERCO,"Electric Reliability Council of Texas, Inc.","Electric Reliability Council of Texas, Inc."
61643,Denton Energy Center,TX,ELECTRIC POWER,1.0,IC,NG,GAS,235720000.0,0.0,1958746.0,1958746.0,0.0,1958746.0,Mcf,2710.904464,2710.904464, ,2710.904464,2459.3163966252,TRE,ERCO,"Electric Reliability Council of Texas, Inc.","Electric Reliability Council of Texas, Inc."
62762,NASA Johnson Space Center CHP,TX,ELECTRIC POWER,3.0,GT,NG,GAS,92782000.0,13291.0,1099543.0,1055241.0,44302.0,1099543.0,Mcf,180.325052,180.325052, ,180.325052,163.5898140252,TRE,ERCO,"Electric Reliability Council of Texas, Inc.","Electric Reliability Council of Texas, Inc."
